churn_at_dt,churn probability,prediction,employee_cluster
1.0,0.08,0.0,1
1.0,0.2,0.0,1
1.0,0.63,1.0,1
0.0,0.1,0.0,1
1.0,0.54,1.0,1
0.0,0.54,1.0,1
1.0,0.43,0.0,1
0.0,0.75,1.0,1
1.0,0.5748571428571428,1.0,1
0.0,0.32,0.0,1
1.0,0.39,0.0,1
0.0,0.18,0.0,1
0.0,0.08947619047619047,0.0,1
0.0,0.3,0.0,1
0.0,0.36,0.0,1
1.0,0.31,0.0,1
0.0,0.16,0.0,1
0.0,0.7,1.0,1
0.0,0.1,0.0,1
1.0,0.46,0.0,1
1.0,0.47,0.0,1
0.0,0.43,0.0,1
0.0,0.095,0.0,1
1.0,0.52,1.0,1
0.0,0.57,1.0,1
0.0,0.38,0.0,1
0.0,0.24,0.0,1
0.0,0.36,0.0,1
0.0,0.14,0.0,1
1.0,0.58,1.0,1
1.0,0.63,1.0,1
1.0,0.41,0.0,1
1.0,0.06159523809523809,0.0,1
1.0,0.37,0.0,1
0.0,0.15,0.0,1
1.0,0.76,1.0,1
1.0,0.33,0.0,1
1.0,0.2,0.0,1
1.0,0.39,0.0,1
0.0,0.4,0.0,1
1.0,0.65,1.0,1
0.0,0.44,0.0,1
0.0,0.34,0.0,1
0.0,0.45,0.0,1
0.0,0.27,0.0,1
1.0,0.74,1.0,1
1.0,0.1792021312021312,0.0,1
0.0,0.74,1.0,1
0.0,0.24,0.0,1
0.0,0.15,0.0,1
0.0,0.0,0.0,1
0.0,0.35,0.0,1
0.0,0.55,1.0,1
0.0,0.31,0.0,1
1.0,0.7,1.0,1
0.0,0.55,1.0,1
1.0,0.23866666666666667,0.0,1
0.0,0.26,0.0,1
1.0,0.51,1.0,1
0.0,0.19,0.0,1
1.0,0.32,0.0,1
1.0,0.14,0.0,1
0.0,0.45833333333333337,0.0,1
1.0,0.52,1.0,1
1.0,0.36,0.0,1
1.0,0.13,0.0,1
1.0,0.36,0.0,1
0.0,0.67,1.0,1
1.0,1.0,1.0,1
1.0,0.35,0.0,1
0.0,0.4963214285714286,0.0,1
1.0,0.54,1.0,1
0.0,0.42,0.0,1
1.0,0.21013813229254402,0.0,1
0.0,0.11,0.0,1
0.0,0.44,0.0,1
0.0,0.365,0.0,1
0.0,0.49,0.0,1
1.0,0.59,1.0,1
0.0,0.33,0.0,1
0.0,0.4613333333333333,0.0,1
0.0,0.4601787509875742,0.0,1
0.0,0.37,0.0,1
0.0,0.2,0.0,1
1.0,0.37,0.0,1
0.0,0.13,0.0,1
0.0,0.27,0.0,1
0.0,0.3,0.0,1
0.0,0.3596666666666667,0.0,1
0.0,0.56,1.0,1
1.0,0.26,0.0,1
1.0,0.15,0.0,1
1.0,0.47,0.0,1
0.0,0.21,0.0,1
0.0,0.42,0.0,1
1.0,0.2,0.0,1
1.0,0.29,0.0,1
1.0,0.89,1.0,1
0.0,0.14,0.0,1
1.0,0.26,0.0,1
0.0,0.35,0.0,1
1.0,0.49,0.0,1
0.0,0.27,0.0,1
0.0,0.42,0.0,1
0.0,0.29,0.0,1
1.0,0.22,0.0,1
0.0,0.34,0.0,1
1.0,0.47833333333333333,0.0,1
0.0,0.16,0.0,1
1.0,0.9,1.0,1
0.0,0.38,0.0,1
1.0,0.18,0.0,1
0.0,0.16,0.0,1
0.0,0.82,1.0,1
0.0,0.04,0.0,1
1.0,0.78,1.0,1
1.0,0.22,0.0,1
0.0,0.21796825396825395,0.0,1
0.0,0.11,0.0,1
0.0,0.28,0.0,1
0.0,0.18,0.0,1
1.0,0.38,0.0,1
1.0,0.79,1.0,1
0.0,0.53,1.0,1
1.0,0.58,1.0,1
0.0,0.33,0.0,1
1.0,0.26,0.0,1
0.0,0.47,0.0,1
0.0,0.04,0.0,1
0.0,0.37,0.0,1
0.0,0.41,0.0,1
0.0,0.33,0.0,1
0.0,0.44,0.0,1
1.0,0.37,0.0,1
0.0,0.59,1.0,1
1.0,0.46,0.0,1
1.0,0.47,0.0,1
0.0,0.4275,0.0,1
1.0,0.31,0.0,1
0.0,0.32,0.0,1
1.0,0.13,0.0,1
1.0,0.91,1.0,1
1.0,0.34,0.0,1
1.0,0.68,1.0,1
0.0,0.21,0.0,1
0.0,0.22,0.0,1
1.0,0.1,0.0,1
1.0,0.519,1.0,1
0.0,0.22,0.0,1
0.0,0.11,0.0,1
0.0,0.38,0.0,1
1.0,0.81,1.0,1
1.0,0.78,1.0,1
1.0,0.81,1.0,1
1.0,0.98,1.0,1
0.0,0.41333333333333333,0.0,1
0.0,0.016666666666666666,0.0,1
1.0,0.57,1.0,1
0.0,0.45,0.0,1
0.0,0.51,1.0,1
1.0,0.62,1.0,1
1.0,0.58,1.0,1
0.0,0.53,1.0,1
0.0,0.11,0.0,1
0.0,0.5,0.0,1
0.0,0.14,0.0,1
0.0,0.23,0.0,1
1.0,0.63,1.0,1
0.0,0.22,0.0,1
0.0,0.4,0.0,1
0.0,0.28,0.0,1
1.0,0.35,0.0,1
1.0,0.45,0.0,1
0.0,0.39,0.0,1
0.0,0.87,1.0,1
0.0,0.4,0.0,1
0.0,0.42,0.0,1
1.0,0.38,0.0,1
0.0,0.38,0.0,1
1.0,0.65,1.0,1
0.0,0.29,0.0,1
0.0,0.745,1.0,1
1.0,0.26,0.0,1
1.0,0.89,1.0,1
0.0,0.41,0.0,1
0.0,0.376,0.0,1
0.0,0.4131352258852259,0.0,1
0.0,0.4,0.0,1
1.0,0.66,1.0,1
0.0,0.28,0.0,1
0.0,0.61,1.0,1
1.0,0.28,0.0,1
0.0,0.5123928571428571,1.0,1
1.0,0.23,0.0,1
0.0,0.52,1.0,1
0.0,0.33,0.0,1
0.0,0.4,0.0,1
0.0,0.11,0.0,1
1.0,0.61,1.0,1
1.0,0.06,0.0,1
0.0,0.39,0.0,1
0.0,0.47,0.0,1
0.0,0.37,0.0,1
0.0,0.2925,0.0,1
1.0,0.22,0.0,1
0.0,0.2873160173160173,0.0,1
0.0,0.28,0.0,1
1.0,0.79,1.0,1
0.0,0.17,0.0,1
0.0,0.27,0.0,1
0.0,0.05,0.0,1
1.0,0.61,1.0,1
0.0,0.49,0.0,1
1.0,0.5032976190476189,1.0,1
0.0,0.36,0.0,1
0.0,0.27,0.0,1
1.0,0.58,1.0,1
1.0,0.42,0.0,1
0.0,0.2,0.0,1
0.0,0.63,1.0,1
1.0,0.07242857142857143,0.0,1
0.0,0.63,1.0,1
0.0,0.23,0.0,1
0.0,0.5,0.0,1
0.0,0.43,0.0,1
1.0,0.5,0.0,1
1.0,0.28,0.0,1
0.0,0.47,0.0,1
0.0,0.41,0.0,1
0.0,0.4,0.0,1
0.0,0.31,0.0,1
1.0,0.21,0.0,1
0.0,0.25,0.0,1
1.0,0.46,0.0,1
1.0,0.79,1.0,1
0.0,0.47,0.0,1
0.0,0.18,0.0,1
1.0,0.34,0.0,1
0.0,0.81,1.0,1
0.0,0.26733333333333337,0.0,1
1.0,1.0,1.0,1
0.0,0.7145238095238095,1.0,1
0.0,0.39,0.0,1
0.0,0.24,0.0,1
0.0,0.3,0.0,1
1.0,0.36,0.0,1
0.0,0.16,0.0,1
0.0,0.49,0.0,1
1.0,0.09,0.0,1
0.0,0.58,1.0,1
1.0,0.37,0.0,1
1.0,0.41,0.0,1
0.0,0.45,0.0,1
1.0,0.53,1.0,1
1.0,0.34,0.0,1
0.0,0.4131352258852259,0.0,1
1.0,0.64,1.0,1
0.0,0.43,0.0,1
0.0,0.15,0.0,1
1.0,0.34,0.0,1
1.0,0.12,0.0,1
1.0,0.09,0.0,1
1.0,0.84,1.0,1
1.0,0.83,1.0,1
1.0,0.64,1.0,1
0.0,0.15,0.0,1
0.0,0.21,0.0,1
0.0,0.33,0.0,1
0.0,0.45,0.0,1
1.0,0.4723769841269841,0.0,1
1.0,0.76,1.0,1
1.0,0.41,0.0,1
0.0,0.1948214285714286,0.0,1
1.0,0.41,0.0,1
0.0,0.5448080808080809,1.0,1
1.0,0.31,0.0,1
1.0,0.3283333333333333,0.0,1
0.0,0.2464761904761904,0.0,1
0.0,0.24,0.0,1
0.0,0.48,0.0,1
1.0,0.46,0.0,1
1.0,0.53,1.0,1
1.0,0.72,1.0,1
0.0,0.49,0.0,1
0.0,0.45,0.0,1
0.0,0.2,0.0,1
0.0,0.64,1.0,1
1.0,0.79,1.0,1
1.0,0.59,1.0,1
0.0,0.41,0.0,1
0.0,0.4131352258852259,0.0,1
0.0,0.36,0.0,1
1.0,0.59,1.0,1
0.0,0.29,0.0,1
1.0,0.35,0.0,1
0.0,0.6,1.0,1
1.0,0.36,0.0,1
0.0,0.34,0.0,1
1.0,0.79,1.0,1
0.0,0.77,1.0,1
1.0,0.4,0.0,1
1.0,0.66,1.0,1
0.0,0.3375,0.0,1
0.0,0.52,1.0,1
0.0,0.2,0.0,1
0.0,0.01,0.0,1
0.0,0.39,0.0,1
0.0,0.48,0.0,1
0.0,0.3393333333333333,0.0,1
1.0,0.08,0.0,1
1.0,0.23,0.0,1
1.0,0.56,1.0,1
0.0,0.6273333333333333,1.0,1
0.0,0.12,0.0,1
1.0,0.43,0.0,1
0.0,0.67,1.0,1
0.0,0.45,0.0,1
0.0,0.54,1.0,1
0.0,0.02,0.0,1
0.0,0.37,0.0,1
1.0,0.28,0.0,1
1.0,0.32,0.0,1
0.0,0.84,1.0,1
0.0,0.36,0.0,1
0.0,0.0,0.0,1
0.0,0.55,1.0,1
0.0,0.17,0.0,1
1.0,0.46,0.0,1
1.0,0.6,1.0,1
0.0,0.19,0.0,1
1.0,0.8,1.0,1
1.0,0.41,0.0,1
0.0,0.65,1.0,1
1.0,0.9116666666666666,1.0,1
1.0,0.48,0.0,1
0.0,0.29,0.0,1
1.0,0.6066666666666667,1.0,1
0.0,0.5444444444444444,1.0,1
0.0,0.31,0.0,1
0.0,0.2873373015873015,0.0,1
0.0,0.185,0.0,1
1.0,0.42,0.0,1
0.0,0.4,0.0,1
1.0,0.63,1.0,1
0.0,0.23,0.0,1
0.0,0.83,1.0,1
0.0,0.23,0.0,1
1.0,0.77,1.0,1
1.0,0.13,0.0,1
0.0,0.53,1.0,1
1.0,0.365,0.0,1
1.0,0.56,1.0,1
0.0,0.27,0.0,1
0.0,0.07666666666666666,0.0,1
1.0,0.49,0.0,1
1.0,0.36,0.0,1
0.0,0.42,0.0,1
1.0,0.6865607725607725,1.0,1
0.0,0.38,0.0,1
0.0,0.63,1.0,1
0.0,0.22,0.0,1
0.0,0.25,0.0,1
1.0,0.4,0.0,1
0.0,0.65,1.0,1
0.0,0.2516666666666667,0.0,1
0.0,0.68,1.0,1
0.0,0.6865607725607725,1.0,1
0.0,0.61,1.0,1
0.0,0.72,1.0,1
1.0,0.55,1.0,1
1.0,0.47,0.0,1
0.0,0.82,1.0,1
1.0,0.35,0.0,1
1.0,0.41,0.0,1
0.0,0.25,0.0,1
1.0,0.13,0.0,1
0.0,0.44,0.0,1
0.0,0.22,0.0,1
0.0,0.48,0.0,1
0.0,0.54,1.0,1
0.0,0.48,0.0,1
1.0,0.32283113804010277,0.0,1
0.0,0.42,0.0,1
0.0,0.07,0.0,1
1.0,0.6330420135420135,1.0,1
0.0,0.2,0.0,1
1.0,0.34,0.0,1
0.0,0.23262891520244464,0.0,1
0.0,0.45,0.0,1
0.0,0.7,1.0,1
0.0,0.5383333333333333,1.0,1
0.0,0.28652380952380946,0.0,1
0.0,0.1,0.0,1
1.0,0.3,0.0,1
1.0,0.47,0.0,1
0.0,0.04,0.0,1
0.0,0.65,1.0,1
0.0,0.41,0.0,1
0.0,0.58,1.0,1
1.0,0.6188333333333332,1.0,1
1.0,0.49,0.0,1
0.0,0.25,0.0,1
0.0,0.72,1.0,1
0.0,0.24,0.0,1
1.0,0.7,1.0,1
1.0,0.47,0.0,1
0.0,0.42,0.0,1
0.0,0.3,0.0,1
1.0,0.33,0.0,1
0.0,0.64,1.0,1
0.0,0.16066666666666665,0.0,1
1.0,0.33,0.0,1
1.0,0.52,1.0,1
1.0,0.28,0.0,1
0.0,0.1,0.0,1
1.0,0.4661666666666667,0.0,1
0.0,0.57,1.0,1
1.0,0.53,1.0,1
0.0,0.73,1.0,1
0.0,0.58,1.0,1
0.0,0.29,0.0,1
1.0,0.4,0.0,1
0.0,0.28,0.0,1
0.0,0.7,1.0,1
0.0,0.13333333333333333,0.0,1
1.0,0.31,0.0,1
0.0,0.24,0.0,1
0.0,0.49,0.0,1
0.0,0.14926659451659452,0.0,1
1.0,0.93,1.0,1
0.0,0.4911150793650794,0.0,1
1.0,0.22,0.0,1
0.0,0.4961150793650794,0.0,1
1.0,0.76,1.0,1
1.0,0.48,0.0,1
1.0,0.17,0.0,1
1.0,0.17,0.0,1
0.0,0.43999999999999995,0.0,1
0.0,0.23,0.0,1
0.0,0.24,0.0,1
1.0,0.35,0.0,1
0.0,0.27,0.0,1
0.0,0.35,0.0,1
0.0,0.41,0.0,1
1.0,0.33,0.0,1
0.0,0.95,1.0,1
0.0,0.1,0.0,1
1.0,0.31,0.0,1
1.0,0.3,0.0,1
1.0,0.61,1.0,1
0.0,0.06,0.0,1
1.0,0.7,1.0,1
1.0,0.56,1.0,1
0.0,0.4,0.0,1
0.0,0.25,0.0,1
0.0,0.7,1.0,1
0.0,0.53,1.0,1
0.0,0.26,0.0,1
0.0,0.10666666666666666,0.0,1
1.0,0.32,0.0,1
0.0,0.1,0.0,1
1.0,0.21,0.0,1
1.0,0.84,1.0,1
0.0,0.3433333333333334,0.0,1
0.0,0.2,0.0,1
0.0,0.37,0.0,1
1.0,0.56,1.0,1
0.0,0.06,0.0,1
1.0,0.9333333333333335,1.0,1
0.0,0.43,0.0,1
0.0,0.34,0.0,1
0.0,0.63,1.0,1
0.0,0.26333333333333336,0.0,1
0.0,0.33,0.0,1
0.0,0.6725,1.0,1
1.0,0.28,0.0,1
0.0,0.28,0.0,1
0.0,0.07,0.0,1
0.0,0.34,0.0,1
1.0,0.8,1.0,1
0.0,0.72,1.0,1
0.0,0.34,0.0,1
0.0,0.31,0.0,1
1.0,0.0435,0.0,1
1.0,0.68,1.0,1
0.0,0.13,0.0,1
0.0,0.52,1.0,1
1.0,0.38,0.0,1
0.0,0.88,1.0,1
1.0,0.31,0.0,1
1.0,0.91,1.0,1
1.0,0.78,1.0,1
0.0,0.0,0.0,1
0.0,0.4131352258852259,0.0,1
0.0,0.38,0.0,1
0.0,0.19,0.0,1
0.0,0.21,0.0,1
0.0,0.01,0.0,1
0.0,0.38,0.0,1
0.0,0.63,1.0,1
1.0,0.66,1.0,1
1.0,0.93,1.0,1
1.0,0.55,1.0,1
0.0,0.27,0.0,1
1.0,0.3295238095238095,0.0,1
0.0,0.59,1.0,1
0.0,0.17,0.0,1
0.0,0.2973026695526694,0.0,1
1.0,0.8,1.0,1
1.0,0.51,1.0,1
0.0,0.3195,0.0,1
0.0,0.456,0.0,1
0.0,0.25,0.0,1
0.0,0.46472619047619046,0.0,1
1.0,0.07460227272727273,0.0,1
1.0,0.7558571428571428,1.0,1
1.0,0.53,1.0,1
0.0,0.63,1.0,1
0.0,0.6,1.0,1
0.0,0.28,0.0,1
1.0,0.27216666666666667,0.0,1
1.0,0.28,0.0,1
0.0,0.35,0.0,1
0.0,0.19,0.0,1
0.0,0.052000000000000005,0.0,1
0.0,0.42,0.0,1
0.0,0.26,0.0,1
0.0,0.36,0.0,1
0.0,0.2,0.0,1
0.0,0.32,0.0,1
0.0,0.1,0.0,1
1.0,0.26,0.0,1
0.0,0.53,1.0,1
1.0,0.18,0.0,1
1.0,0.22,0.0,1
1.0,0.38152380952380943,0.0,1
1.0,0.195,0.0,1
0.0,0.15,0.0,1
0.0,0.42943253968253964,0.0,1
0.0,0.4845833333333333,0.0,1
0.0,0.38,0.0,1
1.0,0.17,0.0,1
0.0,0.31,0.0,1
0.0,0.3,0.0,1
1.0,0.62,1.0,1
1.0,0.73,1.0,1
1.0,0.5175,1.0,1
1.0,0.52,1.0,1
0.0,0.15,0.0,1
0.0,0.36,0.0,1
1.0,0.47,0.0,1
1.0,0.17625,0.0,1
0.0,0.5,0.0,1
0.0,0.26,0.0,1
0.0,0.42666666666666664,0.0,1
1.0,0.27,0.0,1
1.0,0.28,0.0,1
0.0,0.46337695637695636,0.0,1
1.0,0.09,0.0,1
1.0,0.31,0.0,1
0.0,0.42,0.0,1
1.0,0.87,1.0,1
0.0,0.41,0.0,1
1.0,0.46,0.0,1
1.0,0.74,1.0,1
0.0,0.59,1.0,1
1.0,0.47,0.0,1
0.0,0.18,0.0,1
1.0,0.5183333333333333,1.0,1
0.0,0.1,0.0,1
1.0,0.2783333333333333,0.0,1
0.0,0.44350000000000006,0.0,1
0.0,0.59,1.0,1
0.0,0.615,1.0,1
0.0,0.7,1.0,1
1.0,0.37,0.0,1
1.0,0.51,1.0,1
1.0,0.61,1.0,1
1.0,0.48,0.0,1
0.0,0.4,0.0,1
0.0,0.6591666666666666,1.0,1
0.0,0.565,1.0,1
0.0,0.12366666666666665,0.0,1
1.0,0.45,0.0,1
0.0,0.16,0.0,1
1.0,0.46,0.0,1
0.0,0.13,0.0,1
1.0,0.69,1.0,1
0.0,0.41,0.0,1
1.0,0.52,1.0,1
1.0,0.27,0.0,1
1.0,0.25799999999999995,0.0,1
1.0,0.4716666666666666,0.0,1
1.0,0.91,1.0,1
1.0,0.93,1.0,1
1.0,0.66,1.0,1
0.0,0.27,0.0,1
0.0,0.39,0.0,1
0.0,0.79,1.0,1
0.0,0.52,1.0,1
0.0,0.27,0.0,1
1.0,0.26,0.0,1
1.0,0.2,0.0,1
0.0,0.6766666666666667,1.0,1
0.0,0.08,0.0,1
0.0,0.21,0.0,1
0.0,0.35,0.0,1
0.0,0.39,0.0,1
0.0,0.41,0.0,1
1.0,0.52,1.0,1
0.0,0.2698875079169196,0.0,1
0.0,0.65,1.0,1
0.0,0.56,1.0,1
1.0,0.3,0.0,1
0.0,0.275,0.0,1
0.0,0.42,0.0,1
0.0,0.39,0.0,1
0.0,0.38,0.0,1
0.0,0.41,0.0,1
0.0,0.06333333333333334,0.0,1
1.0,0.46,0.0,1
0.0,0.16,0.0,1
0.0,0.58,1.0,1
0.0,0.37,0.0,1
1.0,0.06333333333333334,0.0,1
1.0,0.31,0.0,1
1.0,0.73,1.0,1
0.0,0.905,1.0,1
1.0,0.23,0.0,1
0.0,0.45,0.0,1
1.0,0.39,0.0,1
1.0,0.48,0.0,1
1.0,0.68,1.0,1
0.0,0.13,0.0,1
1.0,0.07,0.0,1
0.0,0.3851960784313726,0.0,1
0.0,0.17,0.0,1
1.0,0.37,0.0,1
1.0,0.37,0.0,1
1.0,0.46,0.0,1
0.0,0.09,0.0,1
1.0,0.09,0.0,1
1.0,0.87,1.0,1
0.0,0.003333333333333333,0.0,1
0.0,0.42,0.0,1
0.0,0.5384761904761904,1.0,1
0.0,0.37,0.0,1
0.0,0.54,1.0,1
0.0,0.63,1.0,1
0.0,0.49150000000000005,0.0,1
0.0,0.3137035187035186,0.0,1
0.0,0.66,1.0,1
1.0,0.52,1.0,1
0.0,0.2,0.0,1
0.0,0.34,0.0,1
0.0,0.54,1.0,1
0.0,0.47700000000000004,0.0,1
0.0,0.12,0.0,1
0.0,0.41666666666666674,0.0,1
1.0,0.33,0.0,1
1.0,0.24,0.0,1
0.0,0.25,0.0,1
0.0,0.38824386724386734,0.0,1
0.0,0.48,0.0,1
1.0,0.4891666666666666,0.0,1
1.0,0.37,0.0,1
0.0,0.87,1.0,1
1.0,0.45,0.0,1
0.0,0.20200937950937942,0.0,1
1.0,0.18,0.0,1
0.0,0.29,0.0,1
0.0,0.84,1.0,1
0.0,0.35,0.0,1
1.0,0.5,0.0,1
0.0,0.03,0.0,1
0.0,0.3,0.0,1
0.0,0.59,1.0,1
0.0,0.36,0.0,1
0.0,0.56,1.0,1
1.0,0.39,0.0,1
0.0,0.49,0.0,1
0.0,0.27,0.0,1
0.0,0.06,0.0,1
1.0,0.17,0.0,1
0.0,0.3,0.0,1
0.0,0.3543452380952381,0.0,1
1.0,0.95,1.0,1
0.0,0.26,0.0,1
1.0,0.7,1.0,1
1.0,0.73,1.0,1
0.0,0.251,0.0,1
0.0,0.56,1.0,1
1.0,0.9083333333333333,1.0,1
0.0,0.45,0.0,1
0.0,0.11422619047619048,0.0,1
0.0,0.4078333333333334,0.0,1
0.0,0.48,0.0,1
0.0,0.27,0.0,1
1.0,0.51,1.0,1
0.0,0.43,0.0,1
0.0,0.24,0.0,1
1.0,0.4,0.0,1
1.0,0.42,0.0,1
0.0,0.28,0.0,1
0.0,0.35,0.0,1
1.0,0.6,1.0,1
1.0,0.59,1.0,1
0.0,0.2873373015873015,0.0,1
1.0,0.46,0.0,1
0.0,0.34,0.0,1
1.0,0.56,1.0,1
1.0,0.54,1.0,1
0.0,0.26,0.0,1
1.0,0.9,1.0,1
1.0,0.57,1.0,1
1.0,0.54,1.0,1
0.0,0.76,1.0,1
0.0,0.14,0.0,1
1.0,0.86,1.0,1
1.0,0.22,0.0,1
0.0,0.35,0.0,1
0.0,0.09,0.0,1
0.0,0.69,1.0,1
1.0,0.24,0.0,1
0.0,0.08,0.0,1
0.0,0.4725,0.0,1
0.0,0.15,0.0,1
0.0,0.52,1.0,1
0.0,0.57,1.0,1
1.0,0.81,1.0,1
0.0,0.29,0.0,1
1.0,0.95,1.0,1
0.0,0.23,0.0,1
1.0,0.07,0.0,1
1.0,0.71,1.0,1
0.0,0.73,1.0,1
0.0,0.41,0.0,1
1.0,0.82,1.0,1
0.0,0.16,0.0,1
1.0,0.54,1.0,1
0.0,0.17,0.0,1
1.0,0.61,1.0,1
1.0,0.97,1.0,1
1.0,0.26,0.0,1
1.0,0.2,0.0,1
0.0,0.26,0.0,1
0.0,0.71,1.0,1
0.0,0.39,0.0,1
0.0,0.44,0.0,1
1.0,0.45,0.0,1
0.0,0.37,0.0,1
0.0,0.17,0.0,1
0.0,0.23,0.0,1
1.0,0.24,0.0,1
1.0,0.15,0.0,1
1.0,0.52,1.0,1
0.0,0.28,0.0,1
0.0,0.44,0.0,1
1.0,0.49,0.0,1
0.0,0.16,0.0,1
0.0,0.4601787509875742,0.0,1
1.0,0.47,0.0,1
0.0,0.51,1.0,1
1.0,0.5291666666666667,1.0,1
0.0,0.56,1.0,1
1.0,0.81,1.0,1
0.0,0.38,0.0,1
0.0,0.49240476190476207,0.0,1
1.0,0.29,0.0,1
0.0,0.12,0.0,1
1.0,0.49,0.0,1
1.0,0.1792021312021312,0.0,1
0.0,0.54,1.0,1
1.0,0.3881435574229692,0.0,1
1.0,0.47,0.0,1
1.0,0.9,1.0,1
1.0,0.5937142857142856,1.0,1
1.0,0.3,0.0,1
1.0,0.42,0.0,1
0.0,0.06333333333333334,0.0,1
1.0,0.27,0.0,1
1.0,0.5355357142857143,1.0,1
0.0,0.32,0.0,1
1.0,0.41,0.0,1
0.0,0.14,0.0,1
0.0,0.13,0.0,1
0.0,0.5216428571428573,1.0,1
0.0,0.13,0.0,1
1.0,0.51,1.0,1
0.0,0.24449573302514466,0.0,1
0.0,0.06,0.0,1
1.0,0.4961150793650794,0.0,1
1.0,0.88,1.0,1
1.0,0.45,0.0,1
0.0,0.33,0.0,1
1.0,0.38,0.0,1
1.0,0.5216428571428573,1.0,1
0.0,0.18,0.0,1
1.0,0.49054761904761884,0.0,1
0.0,0.5652380952380952,1.0,1
1.0,0.5,0.0,1
0.0,0.59,1.0,1
0.0,0.49,0.0,1
1.0,0.3314047619047619,0.0,1
1.0,0.3,0.0,1
1.0,0.48,0.0,1
0.0,0.59,1.0,1
1.0,0.32,0.0,1
1.0,0.72,1.0,1
0.0,0.43666666666666665,0.0,1
0.0,0.29,0.0,1
0.0,0.28,0.0,1
1.0,0.07,0.0,1
1.0,0.02,0.0,1
0.0,0.17,0.0,1
0.0,0.43,0.0,1
1.0,0.14,0.0,1
0.0,0.4016666666666667,0.0,1
0.0,0.25,0.0,1
1.0,0.29533333333333334,0.0,1
1.0,0.5157142857142857,1.0,1
0.0,0.29,0.0,1
1.0,0.32536904761904767,0.0,1
0.0,0.24,0.0,1
1.0,0.34,0.0,1
0.0,0.28,0.0,1
0.0,0.5,0.0,1
1.0,0.48,0.0,1
0.0,0.37,0.0,1
0.0,0.31,0.0,1
1.0,0.52,1.0,1
0.0,0.24,0.0,1
0.0,0.32066666666666666,0.0,1
0.0,0.37,0.0,1
0.0,0.36,0.0,1
1.0,0.98,1.0,1
1.0,0.38666666666666666,0.0,1
0.0,0.69,1.0,1
0.0,0.78,1.0,1
1.0,0.5,0.0,1
1.0,0.33,0.0,1
0.0,0.49,0.0,1
0.0,0.32,0.0,1
1.0,0.68,1.0,1
1.0,0.88,1.0,1
0.0,0.08,0.0,1
0.0,0.52,1.0,1
0.0,0.69,1.0,1
0.0,0.11,0.0,1
1.0,0.4598769841269841,0.0,1
0.0,0.62,1.0,1
0.0,0.395,0.0,1
1.0,0.69,1.0,1
1.0,0.68,1.0,1
0.0,0.29,0.0,1
0.0,0.38,0.0,1
0.0,0.28,0.0,1
0.0,0.38800000000000007,0.0,1
1.0,0.3,0.0,1
0.0,0.66,1.0,1
1.0,0.45,0.0,1
0.0,0.35,0.0,1
0.0,0.4961150793650794,0.0,1
1.0,0.55,1.0,1
0.0,0.2,0.0,1
1.0,0.5191666666666668,1.0,1
0.0,0.12,0.0,1
0.0,0.57,1.0,1
0.0,0.18,0.0,1
0.0,0.04,0.0,1
1.0,0.37,0.0,1
1.0,0.79,1.0,1
0.0,0.22,0.0,1
0.0,0.4,0.0,1
0.0,0.24666666666666667,0.0,1
0.0,0.31,0.0,1
0.0,0.31,0.0,1
1.0,0.58,1.0,1
1.0,0.6016666666666667,1.0,1
0.0,0.65,1.0,1
1.0,0.36,0.0,1
0.0,0.26,0.0,1
0.0,0.56,1.0,1
1.0,0.24,0.0,1
1.0,0.31,0.0,1
1.0,0.65,1.0,1
0.0,0.45,0.0,1
0.0,0.37209523809523815,0.0,1
0.0,0.44,0.0,1
1.0,0.14,0.0,1
1.0,0.21,0.0,1
1.0,0.45,0.0,1
1.0,0.39,0.0,1
1.0,0.42,0.0,1
0.0,0.21,0.0,1
0.0,0.31,0.0,1
0.0,0.11,0.0,1
1.0,0.1533732378732378,0.0,1
0.0,0.14,0.0,1
0.0,0.15,0.0,1
0.0,0.12,0.0,1
1.0,0.44,0.0,1
0.0,0.8,1.0,1
0.0,0.4723769841269841,0.0,1
0.0,0.56,1.0,1
1.0,0.14,0.0,1
0.0,0.5018333333333334,1.0,1
0.0,0.3466666666666666,0.0,1
0.0,0.28,0.0,1
1.0,0.2,0.0,1
0.0,0.27,0.0,1
1.0,0.09,0.0,1
0.0,0.12,0.0,1
0.0,0.32,0.0,1
0.0,0.5,0.0,1
0.0,0.35,0.0,1
0.0,0.24,0.0,1
1.0,0.41,0.0,1
0.0,0.4,0.0,1
0.0,0.19,0.0,1
0.0,0.41,0.0,1
0.0,0.48,0.0,1
0.0,0.27,0.0,1
0.0,0.58,1.0,1
0.0,0.43,0.0,1
1.0,0.85,1.0,1
0.0,0.21,0.0,1
0.0,0.39,0.0,1
0.0,0.04,0.0,1
0.0,0.36,0.0,1
0.0,0.6220714285714286,1.0,1
1.0,0.26,0.0,1
0.0,0.34,0.0,1
0.0,0.34,0.0,1
0.0,0.56,1.0,1
1.0,0.38,0.0,1
1.0,0.540547619047619,1.0,1
1.0,0.64,1.0,1
0.0,0.16,0.0,1
0.0,0.23,0.0,1
1.0,0.39,0.0,1
0.0,0.18,0.0,1
1.0,0.2,0.0,1
0.0,0.24,0.0,1
1.0,0.35,0.0,1
0.0,0.36,0.0,1
0.0,0.47,0.0,1
1.0,0.4,0.0,1
0.0,0.31,0.0,1
0.0,0.07,0.0,1
1.0,0.35,0.0,1
1.0,0.31,0.0,1
1.0,0.46699999999999997,0.0,1
1.0,0.39,0.0,1
0.0,0.17,0.0,1
0.0,0.35,0.0,1
1.0,0.54,1.0,1
1.0,0.67,1.0,1
1.0,0.58,1.0,1
1.0,0.37,0.0,1
0.0,0.09266666666666666,0.0,1
0.0,0.68,1.0,1
0.0,0.7,1.0,1
0.0,0.42,0.0,1
0.0,0.28,0.0,1
0.0,0.88,1.0,1
1.0,0.49,0.0,1
1.0,0.1353333333333333,0.0,1
0.0,0.23419047619047617,0.0,1
1.0,0.26,0.0,1
0.0,0.21,0.0,1
0.0,0.29,0.0,1
1.0,0.35,0.0,1
0.0,0.43,0.0,1
0.0,0.3,0.0,1
0.0,0.67,1.0,1
0.0,0.19,0.0,1
0.0,0.055,0.0,1
0.0,0.09,0.0,1
0.0,0.77,1.0,1
1.0,0.49,0.0,1
1.0,0.39,0.0,1
0.0,0.005,0.0,1
0.0,0.17,0.0,1
0.0,0.09,0.0,1
1.0,0.46062878787878786,0.0,1
0.0,0.54,1.0,1
1.0,0.57,1.0,1
1.0,0.08,0.0,1
1.0,0.72,1.0,1
1.0,0.58,1.0,1
0.0,0.16,0.0,1
1.0,0.41200000000000003,0.0,1
1.0,0.10333333333333333,0.0,1
1.0,0.59,1.0,1
1.0,0.6865607725607725,1.0,1
0.0,0.09,0.0,1
0.0,0.38,0.0,1
1.0,0.28,0.0,1
1.0,0.39,0.0,1
0.0,0.6456666666666666,1.0,1
1.0,0.37,0.0,1
1.0,0.54,1.0,1
0.0,0.3895131257631257,0.0,1
0.0,0.16,0.0,1
0.0,0.06,0.0,1
0.0,0.31,0.0,1
1.0,0.23,0.0,1
0.0,0.39,0.0,1
0.0,0.48,0.0,1
0.0,0.25,0.0,1
1.0,0.34,0.0,1
1.0,0.27,0.0,1
0.0,0.59,1.0,1
0.0,0.44,0.0,1
1.0,0.44,0.0,1
1.0,0.68,1.0,1
0.0,0.45,0.0,1
1.0,0.92,1.0,1
0.0,0.59,1.0,1
0.0,0.33,0.0,1
1.0,0.39,0.0,1
1.0,0.47,0.0,1
0.0,0.13,0.0,1
1.0,0.3485714285714286,0.0,1
1.0,0.42,0.0,1
1.0,0.32,0.0,1
0.0,0.32,0.0,1
1.0,0.17,0.0,1
0.0,0.15,0.0,1
0.0,0.45,0.0,1
1.0,0.36,0.0,1
0.0,0.2316666666666667,0.0,1
1.0,0.4,0.0,1
0.0,0.3,0.0,1
0.0,0.2,0.0,1
1.0,0.78,1.0,1
0.0,0.32,0.0,1
0.0,0.36,0.0,1
1.0,0.29,0.0,1
0.0,0.17,0.0,1
0.0,0.6,1.0,1
0.0,0.33,0.0,1
0.0,0.41,0.0,1
0.0,0.26499999999999996,0.0,1
0.0,0.09,0.0,1
1.0,0.5,0.0,1
0.0,0.59,1.0,1
0.0,0.36,0.0,1
0.0,0.22,0.0,1
0.0,0.39,0.0,1
1.0,0.75,1.0,1
1.0,0.2,0.0,1
0.0,0.19,0.0,1
1.0,0.5,0.0,1
1.0,0.13,0.0,1
0.0,0.34,0.0,1
1.0,0.6,1.0,1
1.0,0.41,0.0,1
0.0,0.384,0.0,1
1.0,0.71,1.0,1
1.0,0.71,1.0,1
0.0,0.06,0.0,1
1.0,0.31,0.0,1
1.0,0.45805050505050504,0.0,1
1.0,0.81,1.0,1
0.0,0.5652380952380952,1.0,1
0.0,0.38,0.0,1
1.0,0.46,0.0,1
0.0,0.52,1.0,1
1.0,0.23,0.0,1
0.0,0.27,0.0,1
1.0,0.1765,0.0,1
1.0,0.4646666666666667,0.0,1
1.0,0.69,1.0,1
1.0,0.6714285714285714,1.0,1
0.0,0.58,1.0,1
0.0,0.46799999999999997,0.0,1
0.0,0.6,1.0,1
0.0,0.4,0.0,1
0.0,0.28,0.0,1
1.0,0.3716666666666667,0.0,1
1.0,0.41,0.0,1
1.0,0.18,0.0,1
0.0,0.19833333333333336,0.0,1
0.0,0.35,0.0,1
0.0,0.36,0.0,1
1.0,0.47,0.0,1
1.0,0.35,0.0,1
0.0,0.35,0.0,1
0.0,0.21,0.0,1
1.0,0.76,1.0,1
0.0,0.59,1.0,1
0.0,0.05,0.0,1
1.0,0.41,0.0,1
0.0,0.59,1.0,1
1.0,0.24,0.0,1
1.0,0.66,1.0,1
1.0,0.26,0.0,1
0.0,0.18,0.0,1
0.0,0.13,0.0,1
0.0,0.5162326284826284,1.0,1
0.0,0.28,0.0,1
1.0,0.34,0.0,1
1.0,0.2675,0.0,1
0.0,0.26,0.0,1
0.0,0.76,1.0,1
0.0,0.08,0.0,1
0.0,0.12,0.0,1
0.0,0.6,1.0,1
1.0,0.25,0.0,1
0.0,0.21,0.0,1
0.0,0.14047619047619048,0.0,1
1.0,0.41,0.0,1
1.0,0.28,0.0,1
1.0,0.83,1.0,1
0.0,0.29,0.0,1
1.0,0.41,0.0,1
0.0,0.3,0.0,1
0.0,0.17,0.0,1
0.0,0.71,1.0,1
0.0,0.49,0.0,1
0.0,0.29533333333333334,0.0,1
1.0,0.9116666666666666,1.0,1
1.0,0.795,1.0,1
0.0,0.02,0.0,1
0.0,0.31,0.0,1
0.0,0.62,1.0,1
1.0,0.54,1.0,1
0.0,0.16,0.0,1
1.0,0.84,1.0,1
1.0,0.32,0.0,1
0.0,0.26,0.0,1
1.0,0.38,0.0,1
1.0,0.48,0.0,1
1.0,0.2,0.0,1
0.0,0.32,0.0,1
0.0,0.20200937950937942,0.0,1
0.0,0.9541666666666667,1.0,1
1.0,0.56,1.0,1
0.0,0.3,0.0,1
1.0,0.34,0.0,1
0.0,0.10833333333333334,0.0,1
0.0,0.14,0.0,1
1.0,0.49,0.0,1
1.0,0.59,1.0,1
1.0,0.09,0.0,1
1.0,0.67,1.0,1
1.0,0.68,1.0,1
0.0,0.455,0.0,1
0.0,0.21013813229254402,0.0,1
0.0,0.29,0.0,1
1.0,0.48,0.0,1
0.0,0.59,1.0,1
1.0,0.52,1.0,1
0.0,0.31,0.0,1
1.0,0.29,0.0,1
0.0,0.11,0.0,1
0.0,0.1565,0.0,1
0.0,0.59,1.0,1
1.0,0.3,0.0,1
0.0,0.09833333333333333,0.0,1
0.0,0.039841269841269844,0.0,1
0.0,0.33,0.0,1
1.0,0.41666666666666674,0.0,1
0.0,0.624452380952381,1.0,1
0.0,0.17,0.0,1
0.0,0.25,0.0,1
0.0,0.33,0.0,1
1.0,0.53,1.0,1
1.0,0.35,0.0,1
0.0,0.26,0.0,1
1.0,0.34,0.0,1
0.0,0.19,0.0,1
0.0,0.49,0.0,1
1.0,0.8942857142857144,1.0,1
1.0,0.43,0.0,1
0.0,0.524,1.0,1
0.0,0.04,0.0,1
0.0,0.14,0.0,1
0.0,0.595,1.0,1
0.0,0.39,0.0,1
0.0,0.69,1.0,1
0.0,0.44,0.0,1
0.0,0.4633333333333334,0.0,1
1.0,0.72,1.0,1
0.0,0.26,0.0,1
0.0,0.28,0.0,1
0.0,0.8036309523809524,1.0,1
1.0,0.21,0.0,1
1.0,0.88,1.0,1
1.0,0.43,0.0,1
0.0,0.27,0.0,1
1.0,0.26,0.0,1
0.0,0.29,0.0,1
1.0,0.91,1.0,1
0.0,0.29,0.0,1
0.0,0.49,0.0,1
1.0,0.28,0.0,1
1.0,0.5693333333333334,1.0,1
1.0,0.23,0.0,1
0.0,0.14,0.0,1
1.0,0.38,0.0,1
0.0,0.61,1.0,1
0.0,0.35,0.0,1
0.0,0.065,0.0,1
0.0,0.5033333333333333,1.0,1
1.0,0.42633333333333334,0.0,1
1.0,0.57,1.0,1
0.0,0.47260714285714284,0.0,1
1.0,0.32,0.0,1
0.0,0.47,0.0,1
1.0,0.52,1.0,1
0.0,0.37,0.0,1
1.0,0.29,0.0,1
1.0,0.53,1.0,1
0.0,0.45,0.0,1
0.0,0.24,0.0,1
1.0,0.83,1.0,1
1.0,0.51,1.0,1
1.0,0.9333333333333335,1.0,1
1.0,0.57,1.0,1
0.0,0.59,1.0,1
0.0,0.28,0.0,1
1.0,0.51,1.0,1
1.0,0.92,1.0,1
0.0,0.69,1.0,1
0.0,0.62,1.0,1
1.0,0.4633333333333334,0.0,1
1.0,0.76,1.0,1
0.0,0.19,0.0,1
0.0,0.24,0.0,1
1.0,0.49,0.0,1
0.0,0.47,0.0,1
1.0,0.2464761904761904,0.0,1
0.0,0.22727777777777775,0.0,1
0.0,0.17,0.0,1
1.0,0.29,0.0,1
1.0,0.45,0.0,1
0.0,0.35449999999999987,0.0,1
1.0,0.34,0.0,1
1.0,0.26,0.0,1
1.0,0.36,0.0,1
1.0,0.4,0.0,1
1.0,0.17,0.0,1
1.0,0.46,0.0,1
0.0,0.31,0.0,1
0.0,0.47,0.0,1
0.0,0.5,0.0,1
1.0,0.59,1.0,1
0.0,0.5,0.0,1
1.0,0.67,1.0,1
0.0,0.24,0.0,1
0.0,0.36233333333333334,0.0,1
1.0,0.31,0.0,1
1.0,0.52,1.0,1
1.0,0.8934047619047619,1.0,1
0.0,0.43139772482419525,0.0,1
0.0,0.34809523809523796,0.0,1
0.0,0.77,1.0,1
1.0,0.48,0.0,1
0.0,0.39,0.0,1
1.0,0.7668333333333334,1.0,1
0.0,0.5705833333333332,1.0,1
0.0,0.53,1.0,1
1.0,0.16,0.0,1
1.0,0.38,0.0,1
0.0,0.24,0.0,1
1.0,0.22,0.0,1
1.0,0.42,0.0,1
1.0,0.6,1.0,1
1.0,0.08,0.0,1
1.0,0.79,1.0,1
1.0,0.73,1.0,1
0.0,0.31,0.0,1
1.0,0.58,1.0,1
0.0,0.16,0.0,1
0.0,0.54,1.0,1
0.0,0.3,0.0,1
1.0,0.43,0.0,1
0.0,0.17,0.0,1
0.0,0.67,1.0,1
1.0,0.58,1.0,1
0.0,0.36,0.0,1
0.0,0.4,0.0,1
0.0,0.34,0.0,1
0.0,0.79,1.0,1
1.0,0.4080184896802544,0.0,1
1.0,0.17,0.0,1
0.0,0.26,0.0,1
0.0,0.09,0.0,1
1.0,0.59,1.0,1
0.0,0.3,0.0,1
1.0,0.25619444444444445,0.0,1
0.0,0.16,0.0,1
0.0,0.29,0.0,1
1.0,0.39,0.0,1
0.0,0.71,1.0,1
1.0,0.67,1.0,1
0.0,0.7,1.0,1
0.0,0.22,0.0,1
0.0,0.2543333333333333,0.0,1
1.0,0.19,0.0,1
0.0,0.2,0.0,1
0.0,0.54,1.0,1
0.0,0.08,0.0,1
0.0,0.32,0.0,1
0.0,0.57,1.0,1
0.0,0.41,0.0,1
1.0,0.32,0.0,1
0.0,0.792095238095238,1.0,1
0.0,0.4,0.0,1
1.0,0.7333333333333333,1.0,1
1.0,0.88,1.0,1
1.0,0.24,0.0,1
1.0,0.52,1.0,1
1.0,0.7756031746031745,1.0,1
0.0,0.16,0.0,1
0.0,0.13,0.0,1
0.0,0.24,0.0,1
0.0,0.16,0.0,1
0.0,0.39,0.0,1
0.0,0.54,1.0,1
0.0,0.67,1.0,1
0.0,0.47,0.0,1
0.0,0.27,0.0,1
0.0,0.565,1.0,1
0.0,0.58,1.0,1
1.0,0.42,0.0,1
0.0,0.16,0.0,1
1.0,0.3,0.0,1
1.0,0.03,0.0,1
0.0,0.03,0.0,1
0.0,0.42,0.0,1
0.0,0.51,1.0,1
0.0,0.32,0.0,1
1.0,0.92,1.0,1
0.0,0.05,0.0,1
1.0,0.805,1.0,1
1.0,0.27,0.0,1
1.0,0.15,0.0,1
0.0,0.26,0.0,1
0.0,0.2,0.0,1
0.0,0.16,0.0,1
1.0,0.16,0.0,1
0.0,0.2325,0.0,1
0.0,0.23,0.0,1
0.0,0.42,0.0,1
0.0,0.32,0.0,1
0.0,0.02,0.0,1
0.0,0.18,0.0,1
0.0,0.14,0.0,1
0.0,0.02,0.0,1
0.0,0.23,0.0,1
0.0,0.55,1.0,1
0.0,0.51,1.0,1
1.0,0.32,0.0,1
0.0,0.5183333333333333,1.0,1
1.0,0.69,1.0,1
1.0,0.96375,1.0,1
1.0,0.38,0.0,1
1.0,0.89,1.0,1
1.0,0.34,0.0,1
0.0,0.65,1.0,1
0.0,0.49,0.0,1
1.0,0.33,0.0,1
1.0,0.68,1.0,1
1.0,0.21013813229254402,0.0,1
1.0,0.62,1.0,1
0.0,0.25,0.0,1
0.0,0.355,0.0,1
0.0,0.13,0.0,1
0.0,0.33,0.0,1
0.0,0.24,0.0,1
0.0,0.19,0.0,1
1.0,0.40916666666666673,0.0,1
0.0,0.43,0.0,1
0.0,0.35,0.0,1
1.0,0.9833333333333334,1.0,1
1.0,0.08,0.0,1
0.0,0.43139772482419525,0.0,1
0.0,0.66,1.0,1
0.0,0.51,1.0,1
0.0,0.52,1.0,1
1.0,0.7,1.0,1
0.0,0.16,0.0,1
1.0,0.42,0.0,1
0.0,0.34,0.0,1
0.0,0.15,0.0,1
1.0,0.46,0.0,1
0.0,0.1358095238095238,0.0,1
0.0,0.14,0.0,1
0.0,0.18,0.0,1
1.0,0.62,1.0,1
0.0,0.28,0.0,1
1.0,0.54,1.0,1
0.0,0.13285714285714287,0.0,1
0.0,0.33,0.0,1
1.0,0.34,0.0,1
1.0,0.41,0.0,1
0.0,0.64,1.0,1
0.0,0.69,1.0,1
0.0,0.45,0.0,1
0.0,0.39,0.0,1
0.0,0.5,0.0,1
0.0,0.5216428571428573,1.0,1
0.0,0.2,0.0,1
0.0,0.32,0.0,1
0.0,0.37,0.0,1
1.0,0.68,1.0,1
0.0,0.46,0.0,1
0.0,0.38,0.0,1
0.0,0.62,1.0,1
0.0,0.21,0.0,1
0.0,0.43,0.0,1
0.0,0.28,0.0,1
1.0,0.72,1.0,1
1.0,0.75,1.0,1
1.0,0.6,1.0,1
1.0,0.29,0.0,1
0.0,0.5,0.0,1
1.0,0.77,1.0,1
0.0,0.20516666666666666,0.0,1
1.0,0.18,0.0,1
0.0,0.5,0.0,1
1.0,0.03,0.0,1
1.0,0.775,1.0,1
1.0,0.51,1.0,1
1.0,0.38,0.0,1
0.0,0.31,0.0,1
1.0,0.26,0.0,1
0.0,0.09,0.0,1
0.0,0.2,0.0,1
0.0,0.44,0.0,1
0.0,0.45,0.0,1
1.0,0.51,1.0,1
0.0,0.22396428571428573,0.0,1
0.0,0.54,1.0,1
1.0,0.5191666666666668,1.0,1
0.0,0.37,0.0,1
0.0,0.05,0.0,1
1.0,0.66,1.0,1
0.0,0.47,0.0,1
1.0,0.61,1.0,1
1.0,0.32,0.0,1
0.0,0.615,1.0,1
1.0,0.38,0.0,1
1.0,0.27,0.0,1
0.0,0.3,0.0,1
0.0,0.38,0.0,1
1.0,0.21,0.0,1
0.0,0.63,1.0,1
0.0,0.27,0.0,1
1.0,0.3082124819624819,0.0,1
0.0,0.66,1.0,1
1.0,0.49,0.0,1
0.0,0.3,0.0,1
0.0,0.2543333333333333,0.0,1
0.0,0.35,0.0,1
0.0,0.69,1.0,1
0.0,0.38,0.0,1
0.0,0.5983333333333333,1.0,1
0.0,0.5333333333333333,1.0,1
0.0,0.36,0.0,1
1.0,0.94,1.0,1
1.0,0.5747500000000001,1.0,1
0.0,0.28085772560772554,0.0,1
1.0,0.44,0.0,1
0.0,0.1,0.0,1
0.0,0.53,1.0,1
0.0,0.75,1.0,1
0.0,0.33,0.0,1
0.0,0.12,0.0,1
0.0,0.47,0.0,1
1.0,0.76,1.0,1
1.0,0.58,1.0,1
1.0,0.41,0.0,1
0.0,0.1792021312021312,0.0,1
1.0,0.2679606227106227,0.0,1
0.0,0.67,1.0,1
0.0,0.56,1.0,1
0.0,0.43,0.0,1
1.0,0.36,0.0,1
0.0,0.45,0.0,1
1.0,0.31,0.0,1
0.0,0.33,0.0,1
1.0,0.5217857142857142,1.0,1
0.0,0.51,1.0,1
0.0,0.18,0.0,1
0.0,0.27,0.0,1
1.0,0.59,1.0,1
1.0,0.66,1.0,1
0.0,0.2,0.0,1
0.0,0.54,1.0,1
0.0,0.56,1.0,1
1.0,0.37,0.0,1
1.0,0.58,1.0,1
1.0,0.36,0.0,1
0.0,0.25666666666666665,0.0,1
0.0,0.3,0.0,1
0.0,0.03,0.0,1
1.0,0.39,0.0,1
0.0,0.33,0.0,1
1.0,0.38,0.0,1
1.0,0.32,0.0,1
1.0,0.4,0.0,1
1.0,0.96,1.0,1
1.0,0.1792021312021312,0.0,1
1.0,0.24,0.0,1
0.0,0.46,0.0,1
0.0,0.21,0.0,1
0.0,0.42,0.0,1
0.0,0.22,0.0,1
1.0,0.47,0.0,1
1.0,0.63,1.0,1
1.0,0.4,0.0,1
1.0,0.61,1.0,1
0.0,0.33,0.0,1
1.0,0.78,1.0,1
0.0,0.5,0.0,1
0.0,0.35,0.0,1
0.0,0.28,0.0,1
0.0,0.6,1.0,1
0.0,0.55,1.0,1
1.0,0.76,1.0,1
1.0,0.675,1.0,1
0.0,0.34,0.0,1
1.0,0.4963214285714286,0.0,1
1.0,0.33,0.0,1
1.0,0.15,0.0,1
0.0,0.36,0.0,1
0.0,0.6,1.0,1
1.0,0.23,0.0,1
0.0,0.41,0.0,1
1.0,0.7,1.0,1
0.0,0.27,0.0,1
0.0,0.1,0.0,1
0.0,0.21,0.0,1
0.0,0.04,0.0,1
0.0,0.72,1.0,1
0.0,0.5993412698412699,1.0,1
1.0,0.17849206349206348,0.0,1
0.0,0.41,0.0,1
1.0,0.23,0.0,1
1.0,0.59,1.0,1
0.0,0.33,0.0,1
0.0,0.39,0.0,1
0.0,0.1,0.0,1
0.0,0.5146666666666666,1.0,1
0.0,0.8,1.0,1
0.0,0.28,0.0,1
0.0,0.11666666666666665,0.0,1
0.0,0.47,0.0,1
0.0,0.15,0.0,1
1.0,0.29,0.0,1
0.0,0.21,0.0,1
1.0,0.06166666666666666,0.0,1
1.0,0.5,0.0,1
0.0,0.11,0.0,1
1.0,0.83,1.0,1
1.0,0.62,1.0,1
0.0,0.7332261904761904,1.0,1
1.0,0.5,0.0,1
1.0,0.22366666666666668,0.0,1
0.0,0.5224004329004327,1.0,1
0.0,0.91375,1.0,1
0.0,0.1,0.0,1
0.0,0.44,0.0,1
0.0,0.47,0.0,1
0.0,0.2874947829947829,0.0,1
0.0,0.6541666666666667,1.0,1
0.0,0.51,1.0,1
0.0,0.51,1.0,1
0.0,0.52,1.0,1
0.0,0.23,0.0,1
1.0,0.55,1.0,1
0.0,0.6532764180264179,1.0,1
0.0,0.11,0.0,1
1.0,0.96,1.0,1
1.0,0.4,0.0,1
0.0,0.41,0.0,1
0.0,0.4,0.0,1
0.0,0.39,0.0,1
0.0,0.3295238095238095,0.0,1
0.0,0.24,0.0,1
0.0,0.62,1.0,1
0.0,0.46,0.0,1
0.0,0.61,1.0,1
0.0,0.28,0.0,1
1.0,0.24,0.0,1
0.0,0.13,0.0,1
0.0,0.46,0.0,1
0.0,0.52,1.0,1
1.0,0.74,1.0,1
0.0,0.52,1.0,1
0.0,0.57,1.0,1
1.0,0.25,0.0,1
0.0,0.57,1.0,1
1.0,0.14,0.0,1
1.0,0.49,0.0,1
0.0,0.39,0.0,1
0.0,0.42,0.0,1
1.0,0.46,0.0,1
0.0,0.67,1.0,1
1.0,0.3471547619047618,0.0,1
1.0,0.25,0.0,1
0.0,0.4,0.0,1
0.0,0.07,0.0,1
1.0,0.5166666666666666,1.0,1
1.0,0.3,0.0,1
1.0,0.36,0.0,1
0.0,0.74,1.0,1
1.0,1.0,1.0,1
1.0,0.56,1.0,1
1.0,0.64,1.0,1
0.0,0.18166666666666667,0.0,1
0.0,0.66,1.0,1
1.0,0.7,1.0,1
1.0,0.52,1.0,1
1.0,0.67,1.0,1
1.0,0.61,1.0,1
1.0,0.59,1.0,1
0.0,0.32,0.0,1
1.0,0.6,1.0,1
1.0,0.68,1.0,1
1.0,0.29642857142857143,0.0,1
0.0,0.48,0.0,1
0.0,0.22,0.0,1
0.0,0.69,1.0,1
0.0,0.47,0.0,1
1.0,0.79,1.0,1
0.0,0.24,0.0,1
0.0,0.31,0.0,1
0.0,0.4,0.0,1
0.0,0.35,0.0,1
0.0,0.1982857142857143,0.0,1
0.0,0.45,0.0,1
1.0,0.71,1.0,1
1.0,0.28,0.0,1
0.0,0.06166666666666666,0.0,1
0.0,0.39,0.0,1
1.0,0.6,1.0,1
0.0,0.24,0.0,1
0.0,0.51,1.0,1
0.0,0.49,0.0,1
1.0,0.68,1.0,1
1.0,0.51,1.0,1
0.0,0.1,0.0,1
0.0,0.3021666666666667,0.0,1
0.0,0.49240476190476207,0.0,1
0.0,0.63,1.0,1
1.0,0.54,1.0,1
0.0,0.38,0.0,1
1.0,0.24,0.0,1
0.0,0.33,0.0,1
1.0,0.42,0.0,1
1.0,0.47,0.0,1
0.0,0.03,0.0,1
1.0,0.6868333333333334,1.0,1
1.0,0.58,1.0,1
0.0,0.43,0.0,1
0.0,0.13,0.0,1
0.0,0.37240476190476185,0.0,1
0.0,0.38,0.0,1
0.0,0.46,0.0,1
1.0,0.15,0.0,1
0.0,0.31,0.0,1
0.0,0.12,0.0,1
0.0,0.22,0.0,1
0.0,0.34,0.0,1
0.0,0.3,0.0,1
1.0,0.55,1.0,1
0.0,0.35,0.0,1
1.0,0.5411666666666667,1.0,1
1.0,0.46,0.0,1
1.0,0.45,0.0,1
1.0,0.94,1.0,1
0.0,0.4,0.0,1
1.0,0.5672207792207794,1.0,1
0.0,0.13,0.0,1
0.0,0.27,0.0,1
1.0,0.32,0.0,1
1.0,0.32,0.0,1
1.0,0.64,1.0,1
0.0,0.17,0.0,1
0.0,0.41,0.0,1
1.0,0.29,0.0,1
0.0,0.04,0.0,1
0.0,0.19,0.0,1
0.0,0.51,1.0,1
1.0,0.98,1.0,1
0.0,0.28,0.0,1
0.0,0.75,1.0,1
0.0,0.34,0.0,1
0.0,0.24,0.0,1
1.0,0.20556349206349203,0.0,1
1.0,0.5672207792207794,1.0,1
0.0,0.32,0.0,1
0.0,0.335,0.0,1
0.0,0.41,0.0,1
0.0,0.29,0.0,1
1.0,0.37,0.0,1
0.0,0.6,1.0,1
1.0,0.11,0.0,1
1.0,0.18,0.0,1
1.0,0.41,0.0,1
1.0,0.94,1.0,1
1.0,0.51,1.0,1
1.0,0.66,1.0,1
0.0,0.25,0.0,1
1.0,0.28652380952380946,0.0,1
0.0,0.18031613484554662,0.0,1
0.0,0.16,0.0,1
0.0,0.37,0.0,1
0.0,0.32,0.0,1
0.0,0.5,0.0,1
0.0,0.16,0.0,1
1.0,0.55,1.0,1
0.0,0.48,0.0,1
1.0,0.36,0.0,1
0.0,0.24,0.0,1
1.0,0.49,0.0,1
1.0,0.4,0.0,1
0.0,0.7,1.0,1
0.0,0.3783333333333333,0.0,1
0.0,0.12,0.0,1
1.0,0.22,0.0,1
0.0,0.4,0.0,1
1.0,0.34,0.0,1
1.0,0.63,1.0,1
1.0,0.25,0.0,1
1.0,0.88,1.0,1
0.0,0.25,0.0,1
0.0,0.19,0.0,1
0.0,0.23,0.0,1
0.0,0.12,0.0,1
0.0,0.21916666666666668,0.0,1
0.0,0.36,0.0,1
0.0,0.03,0.0,1
1.0,0.56,1.0,1
0.0,0.7824700577200577,1.0,1
1.0,0.42,0.0,1
1.0,0.33,0.0,1
1.0,0.22,0.0,1
0.0,0.16,0.0,1
0.0,0.05,0.0,1
1.0,0.3396666666666667,0.0,1
1.0,0.61,1.0,1
1.0,0.53,1.0,1
1.0,0.11416666666666668,0.0,1
0.0,0.44,0.0,1
0.0,0.33,0.0,1
0.0,0.08,0.0,1
1.0,0.32,0.0,1
1.0,0.26,0.0,1
1.0,0.3566666666666667,0.0,1
1.0,0.69,1.0,1
1.0,0.34,0.0,1
1.0,0.34,0.0,1
0.0,0.22,0.0,1
1.0,0.23,0.0,1
1.0,0.28,0.0,1
0.0,0.8913627450980393,1.0,1
1.0,0.57,1.0,1
1.0,0.87,1.0,1
1.0,0.34,0.0,1
1.0,0.31,0.0,1
0.0,0.34,0.0,1
1.0,0.78,1.0,1
1.0,0.46,0.0,1
1.0,0.24,0.0,1
1.0,0.98,1.0,1
0.0,0.51,1.0,1
0.0,0.41,0.0,1
0.0,0.52,1.0,1
1.0,0.5,0.0,1
0.0,0.46,0.0,1
1.0,0.4,0.0,1
1.0,0.4955613275613274,0.0,1
0.0,0.25,0.0,1
1.0,0.51,1.0,1
0.0,0.5,0.0,1
1.0,0.23,0.0,1
1.0,0.69,1.0,1
0.0,0.07,0.0,1
0.0,0.08,0.0,1
0.0,0.39,0.0,1
0.0,0.185,0.0,1
0.0,0.7825,1.0,1
0.0,0.21,0.0,1
0.0,0.43,0.0,1
0.0,0.39,0.0,1
1.0,0.89,1.0,1
1.0,0.21,0.0,1
0.0,0.395,0.0,1
0.0,0.08,0.0,1
0.0,0.26,0.0,1
0.0,0.63,1.0,1
1.0,0.687904761904762,1.0,1
0.0,0.36,0.0,1
0.0,0.01,0.0,1
0.0,0.23,0.0,1
1.0,0.35,0.0,1
0.0,0.44799999999999995,0.0,1
0.0,0.22,0.0,1
1.0,0.34,0.0,1
1.0,0.58,1.0,1
0.0,0.008,0.0,1
0.0,0.2,0.0,1
0.0,0.79,1.0,1
1.0,0.85,1.0,1
1.0,0.19233333333333336,0.0,1
0.0,0.26,0.0,1
0.0,0.4,0.0,1
0.0,0.29,0.0,1
1.0,0.26,0.0,1
0.0,0.0,0.0,1
0.0,0.19433333333333333,0.0,1
0.0,0.39,0.0,1
1.0,0.4,0.0,1
1.0,0.59,1.0,1
0.0,0.26,0.0,1
0.0,0.28,0.0,1
0.0,0.56,1.0,1
0.0,0.67,1.0,1
1.0,0.44,0.0,1
0.0,0.33,0.0,1
1.0,0.47,0.0,1
1.0,0.39,0.0,1
0.0,0.19,0.0,1
1.0,0.4056666666666666,0.0,1
1.0,0.52645892995893,1.0,1
1.0,0.78,1.0,1
0.0,0.16,0.0,1
0.0,0.48,0.0,1
1.0,0.94,1.0,1
0.0,0.65,1.0,1
1.0,0.74,1.0,1
0.0,0.5672207792207794,1.0,1
0.0,0.13,0.0,1
0.0,0.008,0.0,1
1.0,0.6296666666666666,1.0,1
1.0,0.12,0.0,1
0.0,0.32,0.0,1
1.0,0.28,0.0,1
0.0,0.8,1.0,1
0.0,0.17,0.0,1
1.0,0.59,1.0,1
0.0,0.4,0.0,1
0.0,0.48,0.0,1
0.0,0.65,1.0,1
0.0,0.28652380952380946,0.0,1
1.0,0.0,0.0,1
0.0,0.34,0.0,1
1.0,0.42,0.0,1
1.0,0.945,1.0,1
1.0,0.2675,0.0,1
1.0,0.16,0.0,1
0.0,0.72,1.0,1
0.0,0.29,0.0,1
0.0,0.01,0.0,1
0.0,0.7991666666666667,1.0,1
0.0,0.26,0.0,1
1.0,0.36,0.0,1
1.0,0.67,1.0,1
1.0,0.5754999999999999,1.0,1
1.0,0.38,0.0,1
0.0,0.38,0.0,1
0.0,0.3070357142857143,0.0,1
0.0,0.34,0.0,1
0.0,0.14,0.0,1
1.0,0.12,0.0,1
1.0,0.21,0.0,1
1.0,0.34,0.0,1
1.0,0.62,1.0,1
1.0,0.27,0.0,1
0.0,0.5179166666666668,1.0,1
1.0,0.6302583813245578,1.0,1
1.0,0.08,0.0,1
1.0,0.68,1.0,1
0.0,0.26,0.0,1
0.0,0.46,0.0,1
1.0,0.15,0.0,1
0.0,0.09,0.0,1
0.0,0.12,0.0,1
1.0,0.09,0.0,1
0.0,0.08,0.0,1
0.0,0.11,0.0,1
0.0,0.77,1.0,1
0.0,0.16,0.0,1
0.0,0.21,0.0,1
0.0,0.12,0.0,1
0.0,0.85,1.0,1
0.0,0.39,0.0,1
0.0,0.15,0.0,1
1.0,0.38,0.0,1
1.0,0.61,1.0,1
0.0,0.16,0.0,1
1.0,0.46644444444444444,0.0,1
1.0,0.2,0.0,1
0.0,0.21,0.0,1
0.0,0.27,0.0,1
1.0,0.4,0.0,1
1.0,0.3,0.0,1
0.0,0.04,0.0,1
1.0,0.47949999999999987,0.0,1
0.0,0.47,0.0,1
0.0,0.3313333333333333,0.0,1
1.0,0.71,1.0,1
1.0,0.91,1.0,1
0.0,0.53,1.0,1
1.0,1.0,1.0,1
0.0,0.3,0.0,1
0.0,0.3,0.0,1
0.0,0.3881666666666666,0.0,1
0.0,0.6836071428571429,1.0,1
0.0,0.08333333333333331,0.0,1
0.0,0.14,0.0,1
1.0,0.13,0.0,1
0.0,0.13,0.0,1
1.0,0.9516666666666667,1.0,1
0.0,0.15503174603174602,0.0,1
1.0,0.68,1.0,1
1.0,0.2,0.0,1
0.0,0.14,0.0,1
1.0,0.74,1.0,1
0.0,0.29,0.0,1
0.0,0.13,0.0,1
0.0,0.48,0.0,1
1.0,0.64,1.0,1
0.0,0.15,0.0,1
1.0,0.502,1.0,1
1.0,0.57,1.0,1
0.0,0.55,1.0,1
1.0,0.33,0.0,1
0.0,0.18049999999999997,0.0,1
0.0,0.0,0.0,1
0.0,0.2886666666666666,0.0,1
0.0,0.36,0.0,1
1.0,0.98,1.0,1
0.0,0.42,0.0,1
1.0,0.31,0.0,1
0.0,0.36,0.0,1
0.0,0.35,0.0,1
1.0,0.5647619047619048,1.0,1
0.0,0.11,0.0,1
0.0,0.53,1.0,1
1.0,0.1792021312021312,0.0,1
0.0,0.37,0.0,1
0.0,0.13,0.0,1
0.0,0.51,1.0,1
0.0,0.16,0.0,1
0.0,0.34,0.0,1
0.0,0.2464761904761904,0.0,1
0.0,0.17,0.0,1
0.0,0.37,0.0,1
1.0,0.39,0.0,1
0.0,0.44,0.0,1
1.0,0.69,1.0,1
0.0,0.1533732378732378,0.0,1
0.0,0.51,1.0,1
0.0,0.87,1.0,1
0.0,0.36,0.0,1
0.0,0.3,0.0,1
1.0,0.48,0.0,1
0.0,0.61,1.0,1
0.0,0.38,0.0,1
0.0,0.14,0.0,1
0.0,0.21,0.0,1
0.0,0.43416666666666665,0.0,1
0.0,0.48,0.0,1
0.0,0.012,0.0,1
1.0,0.39,0.0,1
0.0,0.07,0.0,1
0.0,0.35,0.0,1
1.0,0.63,1.0,1
1.0,0.28,0.0,1
1.0,0.61,1.0,1
1.0,0.54,1.0,1
0.0,0.31,0.0,1
0.0,0.07,0.0,1
1.0,0.85,1.0,1
0.0,0.38,0.0,1
0.0,0.5,0.0,1
0.0,0.39,0.0,1
1.0,0.69,1.0,1
1.0,0.56,1.0,1
0.0,0.48,0.0,1
0.0,0.3944962210991621,0.0,1
1.0,0.56,1.0,1
0.0,0.53,1.0,1
0.0,0.07460227272727273,0.0,1
0.0,0.2,0.0,1
0.0,0.36,0.0,1
0.0,0.42,0.0,1
0.0,0.3944962210991621,0.0,1
1.0,0.65,1.0,1
0.0,0.55,1.0,1
0.0,0.23,0.0,1
1.0,0.4,0.0,1
1.0,0.11666666666666665,0.0,1
0.0,0.5,0.0,1
1.0,0.81,1.0,1
0.0,0.1,0.0,1
0.0,0.36,0.0,1
0.0,0.07,0.0,1
1.0,0.39,0.0,1
1.0,0.6,1.0,1
1.0,0.45,0.0,1
1.0,0.82,1.0,1
1.0,0.4,0.0,1
1.0,0.34,0.0,1
0.0,0.3,0.0,1
0.0,0.58,1.0,1
1.0,0.6275,1.0,1
1.0,0.66,1.0,1
0.0,0.18,0.0,1
0.0,0.2401088494838493,0.0,1
1.0,0.25,0.0,1
1.0,0.72,1.0,1
0.0,0.44,0.0,1
0.0,0.44,0.0,1
1.0,0.02,0.0,1
0.0,0.324706168917082,0.0,1
0.0,0.45,0.0,1
0.0,0.27,0.0,1
0.0,0.44,0.0,1
0.0,0.36,0.0,1
1.0,0.78,1.0,1
1.0,0.18,0.0,1
0.0,0.32,0.0,1
1.0,0.8317384559884556,1.0,1
1.0,0.47016666666666673,0.0,1
0.0,0.36,0.0,1
1.0,0.96,1.0,1
1.0,0.34809523809523796,0.0,1
1.0,0.54,1.0,1
1.0,0.455,0.0,1
0.0,0.19,0.0,1
1.0,0.36,0.0,1
1.0,0.44,0.0,1
0.0,0.28,0.0,1
0.0,0.25,0.0,1
1.0,0.39,0.0,1
1.0,0.26,0.0,1
0.0,0.33,0.0,1
1.0,0.56,1.0,1
0.0,0.295,0.0,1
1.0,0.68,1.0,1
1.0,0.71,1.0,1
0.0,0.008,0.0,1
1.0,0.4963214285714286,0.0,1
1.0,0.26,0.0,1
1.0,0.63,1.0,1
0.0,0.09,0.0,1
1.0,0.56,1.0,1
0.0,0.21,0.0,1
0.0,0.52,1.0,1
0.0,0.68,1.0,1
1.0,0.39,0.0,1
1.0,0.26,0.0,1
1.0,0.41,0.0,1
1.0,0.92,1.0,1
0.0,0.51,1.0,1
0.0,0.4,0.0,1
0.0,0.29,0.0,1
1.0,0.74,1.0,1
0.0,0.49,0.0,1
1.0,0.22,0.0,1
1.0,0.28,0.0,1
0.0,0.1,0.0,1
0.0,0.03,0.0,1
0.0,0.49,0.0,1
1.0,0.26,0.0,1
0.0,0.22,0.0,1
0.0,0.52,1.0,1
0.0,0.16,0.0,1
0.0,0.46337695637695636,0.0,1
1.0,0.3616666666666667,0.0,1
1.0,0.5,0.0,1
0.0,0.24,0.0,1
1.0,0.31,0.0,1
0.0,0.82,1.0,1
0.0,0.5425,1.0,1
0.0,0.57,1.0,1
0.0,0.16,0.0,1
1.0,0.43,0.0,1
0.0,0.3543452380952381,0.0,1
1.0,0.4131352258852259,0.0,1
1.0,0.49,0.0,1
0.0,0.305,0.0,1
1.0,0.17,0.0,1
0.0,0.5123928571428571,1.0,1
0.0,0.21,0.0,1
1.0,0.84,1.0,1
0.0,0.29,0.0,1
0.0,0.5433333333333333,1.0,1
1.0,0.73,1.0,1
1.0,0.63,1.0,1
0.0,0.56,1.0,1
1.0,0.48,0.0,1
0.0,0.59,1.0,1
0.0,0.39,0.0,1
0.0,0.37,0.0,1
1.0,0.18,0.0,1
0.0,0.174,0.0,1
0.0,0.75,1.0,1
0.0,0.21,0.0,1
1.0,0.52,1.0,1
1.0,0.5032976190476189,1.0,1
1.0,0.93,1.0,1
1.0,0.17,0.0,1
1.0,0.92,1.0,1
1.0,0.38,0.0,1
1.0,0.47,0.0,1
1.0,0.45,0.0,1
1.0,0.47,0.0,1
1.0,0.99,1.0,1
0.0,0.15,0.0,1
0.0,0.39,0.0,1
0.0,0.09,0.0,1
0.0,0.65,1.0,1
0.0,0.53,1.0,1
1.0,0.20199999999999999,0.0,1
0.0,0.36,0.0,1
1.0,0.39,0.0,1
1.0,0.69,1.0,1
0.0,0.35,0.0,1
0.0,0.5586904761904762,1.0,1
1.0,0.46,0.0,1
1.0,0.5046153846153846,1.0,1
0.0,0.29,0.0,1
0.0,0.10116666666666665,0.0,1
1.0,0.57,1.0,1
0.0,0.3383650793650794,0.0,1
0.0,0.21013813229254402,0.0,1
0.0,0.38,0.0,1
0.0,0.3126666666666667,0.0,1
1.0,0.12,0.0,1
1.0,0.62,1.0,1
0.0,0.27,0.0,1
1.0,0.17,0.0,1
0.0,0.28,0.0,1
1.0,0.53,1.0,1
1.0,0.55,1.0,1
0.0,0.19760714285714276,0.0,1
1.0,0.26166666666666666,0.0,1
1.0,0.4891666666666666,0.0,1
1.0,0.58,1.0,1
0.0,0.634690476190476,1.0,1
0.0,0.38,0.0,1
0.0,0.35,0.0,1
0.0,0.4131352258852259,0.0,1
0.0,0.07,0.0,1
0.0,0.34,0.0,1
1.0,0.52,1.0,1
0.0,0.32,0.0,1
1.0,0.98,1.0,1
0.0,0.26,0.0,1
1.0,0.71,1.0,1
1.0,0.19,0.0,1
0.0,0.1,0.0,1
0.0,0.35,0.0,1
0.0,0.51,1.0,1
0.0,0.3214285714285714,0.0,1
0.0,0.35560438254555893,0.0,1
0.0,0.28,0.0,1
0.0,0.32,0.0,1
0.0,0.4955613275613274,0.0,1
1.0,0.68,1.0,1
0.0,0.5106904761904761,1.0,1
1.0,0.7733095238095238,1.0,1
0.0,0.3041666666666667,0.0,1
0.0,0.3,0.0,1
0.0,0.45,0.0,1
0.0,0.65,1.0,1
0.0,0.24,0.0,1
1.0,0.07,0.0,1
1.0,0.44341297591297596,0.0,1
0.0,0.6666666666666667,1.0,1
1.0,0.3895131257631257,0.0,1
1.0,0.26392063492063483,0.0,1
1.0,0.57,1.0,1
0.0,0.17,0.0,1
1.0,0.44,0.0,1
1.0,0.89,1.0,1
0.0,0.8913627450980393,1.0,1
0.0,0.24,0.0,1
0.0,0.23,0.0,1
1.0,0.321,0.0,1
0.0,0.74,1.0,1
1.0,0.79,1.0,1
0.0,0.29,0.0,1
0.0,0.45799999999999996,0.0,1
0.0,0.43,0.0,1
0.0,0.7339166666666667,1.0,1
0.0,0.15,0.0,1
1.0,0.49,0.0,1
0.0,0.06,0.0,1
0.0,0.23,0.0,1
0.0,0.4,0.0,1
1.0,0.36,0.0,1
1.0,0.97,1.0,1
0.0,0.31,0.0,1
0.0,0.29533333333333334,0.0,1
0.0,0.11,0.0,1
0.0,0.6383333333333333,1.0,1
0.0,0.19,0.0,1
0.0,0.35,0.0,1
1.0,0.35,0.0,1
0.0,0.58,1.0,1
0.0,0.62,1.0,1
1.0,0.07,0.0,1
0.0,0.38,0.0,1
1.0,0.16,0.0,1
0.0,0.23,0.0,1
0.0,0.26,0.0,1
1.0,0.41,0.0,1
0.0,0.18,0.0,1
0.0,0.82,1.0,1
1.0,0.31,0.0,1
0.0,0.6865607725607725,1.0,1
1.0,0.21,0.0,1
0.0,0.63,1.0,1
0.0,0.3633333333333333,0.0,1
0.0,0.36,0.0,1
0.0,0.36,0.0,1
0.0,0.4335602061337355,0.0,1
1.0,0.43,0.0,1
0.0,0.06,0.0,1
0.0,0.56,1.0,1
1.0,0.31,0.0,1
0.0,0.44,0.0,1
0.0,0.24,0.0,1
0.0,0.20556349206349203,0.0,1
0.0,0.23,0.0,1
0.0,0.95,1.0,1
1.0,0.15,0.0,1
0.0,0.5,0.0,1
0.0,0.69,1.0,1
1.0,0.92,1.0,1
0.0,0.31,0.0,1
1.0,0.37,0.0,1
1.0,0.89,1.0,1
0.0,0.13,0.0,1
0.0,0.48,0.0,1
0.0,0.63,1.0,1
1.0,0.42,0.0,1
0.0,0.64,1.0,1
0.0,0.76,1.0,1
0.0,0.58,1.0,1
0.0,0.13898899711399706,0.0,1
1.0,0.4080184896802544,0.0,1
1.0,0.81,1.0,1
1.0,0.4,0.0,1
0.0,0.22,0.0,1
1.0,0.2,0.0,1
0.0,0.6,1.0,1
1.0,0.18,0.0,1
0.0,0.31,0.0,1
0.0,0.47,0.0,1
1.0,0.26,0.0,1
0.0,0.56,1.0,1
1.0,0.07,0.0,1
0.0,0.32,0.0,1
1.0,0.6188690476190477,1.0,1
1.0,0.7,1.0,1
1.0,0.62,1.0,1
0.0,0.12833333333333333,0.0,1
0.0,0.68,1.0,1
1.0,0.52,1.0,1
1.0,0.38,0.0,1
0.0,0.6122207792207791,1.0,1
0.0,0.36,0.0,1
1.0,0.45,0.0,1
1.0,0.59,1.0,1
1.0,0.05,0.0,1
1.0,0.34,0.0,1
0.0,0.21,0.0,1
0.0,0.196,0.0,1
0.0,0.19,0.0,1
1.0,0.59,1.0,1
0.0,0.12,0.0,1
0.0,0.48,0.0,1
1.0,0.61,1.0,1
0.0,0.43,0.0,1
0.0,0.42,0.0,1
0.0,0.6730595238095237,1.0,1
0.0,0.27,0.0,1
1.0,0.93,1.0,1
0.0,0.53,1.0,1
1.0,0.19,0.0,1
1.0,0.42,0.0,1
1.0,0.41,0.0,1
0.0,0.76,1.0,1
0.0,0.49,0.0,1
1.0,0.28,0.0,1
0.0,0.65,1.0,1
1.0,0.71,1.0,1
0.0,0.37,0.0,1
0.0,0.48,0.0,1
0.0,0.74,1.0,1
0.0,0.39399999999999996,0.0,1
0.0,0.24,0.0,1
1.0,0.25,0.0,1
0.0,0.18,0.0,1
1.0,0.72,1.0,1
0.0,0.4925,0.0,1
0.0,0.46,0.0,1
1.0,0.46,0.0,1
1.0,0.41,0.0,1
0.0,0.29,0.0,1
1.0,0.18,0.0,1
0.0,0.39666666666666667,0.0,1
1.0,0.48,0.0,1
0.0,0.6,1.0,1
0.0,0.14,0.0,1
0.0,0.43,0.0,1
0.0,0.81,1.0,1
0.0,0.27,0.0,1
0.0,0.34,0.0,1
1.0,0.37,0.0,1
0.0,0.2,0.0,1
0.0,0.39,0.0,1
1.0,0.54,1.0,1
0.0,0.39,0.0,1
1.0,0.5,0.0,1
1.0,0.29,0.0,1
1.0,0.3,0.0,1
1.0,0.5,0.0,1
0.0,0.52,1.0,1
1.0,0.4601787509875742,0.0,1
0.0,0.05,0.0,1
0.0,0.23,0.0,1
0.0,0.37,0.0,1
0.0,0.324706168917082,0.0,1
1.0,0.72,1.0,1
1.0,0.24,0.0,1
0.0,0.39,0.0,1
1.0,0.39,0.0,1
1.0,0.42,0.0,1
1.0,0.77,1.0,1
0.0,0.35560438254555893,0.0,1
1.0,0.34,0.0,1
1.0,0.5032976190476189,1.0,1
0.0,0.29,0.0,1
0.0,0.51,1.0,1
1.0,0.57,1.0,1
0.0,0.26392063492063483,0.0,1
1.0,0.45,0.0,1
0.0,0.39,0.0,1
1.0,0.53,1.0,1
0.0,0.53,1.0,1
0.0,0.48,0.0,1
1.0,0.0,0.0,1
0.0,0.61,1.0,1
1.0,0.544,1.0,1
1.0,0.18,0.0,1
0.0,0.51,1.0,1
1.0,0.48,0.0,1
0.0,0.16,0.0,1
0.0,0.19,0.0,1
1.0,0.22,0.0,1
0.0,0.3,0.0,1
0.0,0.27,0.0,1
0.0,0.23,0.0,1
1.0,0.4470119047619048,0.0,1
0.0,0.29,0.0,1
1.0,0.84,1.0,1
0.0,0.27,0.0,1
0.0,0.52,1.0,1
0.0,0.37,0.0,1
0.0,0.39,0.0,1
0.0,0.39,0.0,1
0.0,0.4323333333333333,0.0,1
1.0,0.32,0.0,1
1.0,0.32,0.0,1
1.0,0.34,0.0,1
1.0,0.89,1.0,1
0.0,0.24333333333333332,0.0,1
1.0,0.36,0.0,1
0.0,0.25,0.0,1
1.0,0.04,0.0,1
0.0,0.08,0.0,1
0.0,0.45,0.0,1
0.0,0.94,1.0,1
1.0,0.68,1.0,1
1.0,0.26,0.0,1
1.0,0.22,0.0,1
1.0,0.56,1.0,1
0.0,0.61,1.0,1
0.0,0.09,0.0,1
0.0,0.4,0.0,1
0.0,0.2,0.0,1
1.0,0.3494285714285714,0.0,1
1.0,0.19,0.0,1
1.0,0.67,1.0,1
0.0,0.43,0.0,1
0.0,0.64,1.0,1
0.0,0.48,0.0,1
0.0,0.09,0.0,1
1.0,0.63,1.0,1
0.0,0.16,0.0,1
0.0,0.25,0.0,1
1.0,0.23,0.0,1
1.0,0.4955613275613274,0.0,1
0.0,0.31,0.0,1
0.0,0.5,0.0,1
0.0,0.58,1.0,1
0.0,0.79,1.0,1
1.0,0.09,0.0,1
1.0,0.13898899711399706,0.0,1
0.0,0.14,0.0,1
1.0,0.56,1.0,1
0.0,0.49,0.0,1
1.0,0.3,0.0,1
1.0,0.35,0.0,1
0.0,0.06149999999999999,0.0,1
0.0,0.34,0.0,1
0.0,0.31,0.0,1
0.0,0.33,0.0,1
0.0,0.27,0.0,1
0.0,0.38,0.0,1
0.0,0.03,0.0,1
1.0,0.59,1.0,1
0.0,0.51,1.0,1
1.0,0.49066666666666664,0.0,1
0.0,0.34,0.0,1
0.0,0.16666666666666663,0.0,1
1.0,0.69,1.0,1
0.0,0.25,0.0,1
1.0,0.58,1.0,1
0.0,0.21,0.0,1
1.0,0.29,0.0,1
0.0,0.12,0.0,1
1.0,0.87,1.0,1
1.0,0.13,0.0,1
0.0,0.17,0.0,1
0.0,0.33,0.0,1
1.0,0.56,1.0,1
0.0,0.51,1.0,1
0.0,0.21537728937728937,0.0,1
1.0,0.47,0.0,1
1.0,0.23,0.0,1
1.0,0.845,1.0,1
0.0,0.20556349206349203,0.0,1
0.0,0.3593333333333333,0.0,1
1.0,0.8924999999999998,1.0,1
0.0,0.795,1.0,1
0.0,0.2,0.0,1
0.0,0.3,0.0,1
0.0,0.18,0.0,1
0.0,0.73,1.0,1
0.0,0.5125,1.0,1
1.0,0.09,0.0,1
0.0,0.5032976190476189,1.0,1
1.0,0.28,0.0,1
0.0,0.86,1.0,1
1.0,0.23,0.0,1
1.0,0.24,0.0,1
0.0,0.71,1.0,1
0.0,0.17,0.0,1
0.0,0.31,0.0,1
0.0,0.14,0.0,1
0.0,0.05283333333333333,0.0,1
0.0,0.38,0.0,1
0.0,0.47,0.0,1
1.0,0.38,0.0,1
0.0,0.1533732378732378,0.0,1
0.0,0.4125,0.0,1
0.0,0.25,0.0,1
1.0,0.46,0.0,1
1.0,0.79,1.0,1
1.0,0.09,0.0,1
0.0,0.62,1.0,1
1.0,0.43,0.0,1
0.0,0.19,0.0,1
0.0,0.5,0.0,1
0.0,0.26,0.0,1
1.0,0.33,0.0,1
1.0,0.12,0.0,1
0.0,0.22,0.0,1
1.0,0.22,0.0,1
1.0,0.42,0.0,1
0.0,0.56,1.0,1
1.0,0.69,1.0,1
0.0,0.22,0.0,1
0.0,0.18,0.0,1
0.0,0.42,0.0,1
1.0,0.04,0.0,1
0.0,0.42,0.0,1
1.0,0.63,1.0,1
1.0,0.34,0.0,1
0.0,0.43,0.0,1
1.0,0.28,0.0,1
0.0,0.198,0.0,1
0.0,0.64,1.0,1
0.0,0.25,0.0,1
1.0,0.84,1.0,1
0.0,0.22166666666666665,0.0,1
1.0,0.48,0.0,1
1.0,0.55,1.0,1
0.0,0.9375,1.0,1
0.0,0.41,0.0,1
1.0,0.1,0.0,1
0.0,0.47,0.0,1
1.0,0.54,1.0,1
0.0,0.28,0.0,1
0.0,0.27,0.0,1
1.0,0.2,0.0,1
0.0,0.71,1.0,1
0.0,0.4,0.0,1
0.0,0.4,0.0,1
0.0,0.69,1.0,1
0.0,0.6,1.0,1
1.0,0.43,0.0,1
1.0,0.40010714285714294,0.0,1
0.0,0.64,1.0,1
1.0,0.5,0.0,1
0.0,0.47550000000000003,0.0,1
0.0,0.20470238095238094,0.0,1
0.0,0.21013813229254402,0.0,1
1.0,0.74,1.0,1
1.0,0.46,0.0,1
0.0,0.1,0.0,1
1.0,0.15766666666666665,0.0,1
1.0,0.2775,0.0,1
0.0,0.14,0.0,1
1.0,0.745,1.0,1
0.0,0.5,0.0,1
1.0,0.6302583813245578,1.0,1
1.0,0.51,1.0,1
1.0,0.6,1.0,1
0.0,0.25,0.0,1
0.0,0.6059966144966145,1.0,1
0.0,0.4,0.0,1
1.0,0.25,0.0,1
1.0,0.39,0.0,1
1.0,0.94,1.0,1
1.0,0.15,0.0,1
0.0,0.6459999999999999,1.0,1
0.0,0.06166666666666666,0.0,1
1.0,0.61,1.0,1
0.0,0.16,0.0,1
0.0,0.21666666666666665,0.0,1
0.0,0.74,1.0,1
1.0,0.43139772482419525,0.0,1
1.0,0.49,0.0,1
0.0,0.38,0.0,1
1.0,0.34,0.0,1
0.0,0.62,1.0,1
0.0,0.27,0.0,1
0.0,0.34,0.0,1
0.0,0.16,0.0,1
0.0,0.11,0.0,1
1.0,0.66,1.0,1
0.0,0.17,0.0,1
0.0,0.02,0.0,1
1.0,0.93,1.0,1
1.0,0.86,1.0,1
0.0,0.38,0.0,1
1.0,0.53,1.0,1
0.0,0.28,0.0,1
0.0,0.4131352258852259,0.0,1
0.0,0.4,0.0,1
0.0,0.16,0.0,1
0.0,0.2698875079169196,0.0,1
0.0,0.4622640692640693,0.0,1
0.0,0.42,0.0,1
0.0,0.2275,0.0,1
1.0,0.61,1.0,1
0.0,0.31,0.0,1
0.0,0.44,0.0,1
1.0,0.34,0.0,1
0.0,0.47,0.0,1
1.0,0.69,1.0,1
1.0,0.67925,1.0,1
1.0,0.46,0.0,1
1.0,0.8650000000000001,1.0,1
0.0,0.35,0.0,1
0.0,0.5,0.0,1
1.0,0.46337695637695636,0.0,1
0.0,0.45,0.0,1
0.0,0.08,0.0,1
1.0,0.88,1.0,1
0.0,0.16,0.0,1
0.0,0.17,0.0,1
1.0,0.5155833333333334,1.0,1
0.0,0.4,0.0,1
0.0,0.31,0.0,1
0.0,0.35,0.0,1
1.0,0.19,0.0,1
0.0,0.16,0.0,1
1.0,0.56,1.0,1
1.0,0.31,0.0,1
0.0,0.24,0.0,1
0.0,0.49,0.0,1
0.0,0.55,1.0,1
0.0,0.38,0.0,1
0.0,0.3,0.0,1
1.0,0.2,0.0,1
0.0,0.27,0.0,1
1.0,0.45416666666666666,0.0,1
0.0,0.19,0.0,1
0.0,0.04,0.0,1
0.0,0.63,1.0,1
1.0,0.61,1.0,1
1.0,0.5075,1.0,1
0.0,0.65,1.0,1
0.0,0.04,0.0,1
0.0,0.28652380952380946,0.0,1
1.0,0.37,0.0,1
1.0,0.54,1.0,1
1.0,0.48,0.0,1
0.0,0.4,0.0,1
0.0,0.53,1.0,1
1.0,0.58,1.0,1
1.0,0.48,0.0,1
0.0,0.28,0.0,1
1.0,0.19,0.0,1
0.0,0.11,0.0,1
0.0,0.34,0.0,1
0.0,0.57,1.0,1
1.0,0.8,1.0,1
0.0,0.5,0.0,1
0.0,0.63,1.0,1
0.0,0.53,1.0,1
1.0,0.76,1.0,1
0.0,0.17,0.0,1
0.0,0.41,0.0,1
1.0,0.53,1.0,1
1.0,0.6865607725607725,1.0,1
0.0,0.53,1.0,1
0.0,0.36,0.0,1
0.0,0.25,0.0,1
0.0,0.14,0.0,1
0.0,0.46,0.0,1
0.0,0.08,0.0,1
0.0,0.26,0.0,1
0.0,0.65,1.0,1
1.0,0.74,1.0,1
1.0,0.37,0.0,1
1.0,0.43,0.0,1
0.0,0.5,0.0,1
0.0,0.258,0.0,1
1.0,0.89,1.0,1
0.0,0.19,0.0,1
0.0,0.35,0.0,1
1.0,0.41609686550979114,0.0,1
0.0,0.26,0.0,1
0.0,0.33,0.0,1
0.0,0.4056666666666666,0.0,1
0.0,0.27,0.0,1
1.0,0.47,0.0,1
0.0,0.45,0.0,1
1.0,0.63,1.0,1
1.0,0.35,0.0,1
1.0,0.2,0.0,1
0.0,0.18,0.0,1
1.0,0.34,0.0,1
0.0,0.755,1.0,1
0.0,0.35,0.0,1
0.0,0.27,0.0,1
0.0,0.46,0.0,1
0.0,0.21,0.0,1
0.0,0.27,0.0,1
0.0,0.24328571428571424,0.0,1
0.0,0.79,1.0,1
0.0,0.3087435064935065,0.0,1
0.0,0.4,0.0,1
0.0,0.45,0.0,1
0.0,0.21,0.0,1
0.0,0.37666666666666665,0.0,1
1.0,0.18,0.0,1
0.0,0.45,0.0,1
0.0,0.14,0.0,1
1.0,0.5025,1.0,1
1.0,0.27,0.0,1
0.0,0.09,0.0,1
1.0,0.55,1.0,1
0.0,0.76,1.0,1
0.0,0.29,0.0,1
0.0,0.34,0.0,1
0.0,0.57,1.0,1
1.0,0.33,0.0,1
0.0,0.75,1.0,1
1.0,0.63,1.0,1
1.0,0.7668333333333334,1.0,1
0.0,0.66,1.0,1
0.0,0.3,0.0,1
1.0,0.47,0.0,1
1.0,1.0,1.0,1
1.0,0.71,1.0,1
0.0,0.27,0.0,1
1.0,0.31,0.0,1
0.0,0.62,1.0,1
1.0,0.08,0.0,1
0.0,0.28,0.0,1
0.0,0.2,0.0,1
0.0,0.53,1.0,1
0.0,0.23,0.0,1
1.0,0.57,1.0,1
0.0,0.37,0.0,1
0.0,0.09,0.0,1
0.0,0.51,1.0,1
0.0,0.21,0.0,1
0.0,0.07,0.0,1
0.0,0.33,0.0,1
0.0,0.25,0.0,1
1.0,0.97,1.0,1
0.0,0.25,0.0,1
0.0,0.47,0.0,1
0.0,0.25,0.0,1
1.0,0.66,1.0,1
1.0,0.86,1.0,1
1.0,0.72,1.0,1
1.0,0.36,0.0,1
0.0,0.25,0.0,1
0.0,0.17,0.0,1
0.0,0.26,0.0,1
0.0,0.24,0.0,1
0.0,0.7183333333333334,1.0,1
0.0,0.5224004329004327,1.0,1
0.0,0.5224004329004327,1.0,1
1.0,0.5176666666666667,1.0,1
1.0,0.59,1.0,1
1.0,0.77,1.0,1
0.0,0.23,0.0,1
0.0,0.52,1.0,1
0.0,0.13266666666666665,0.0,1
0.0,0.14,0.0,1
1.0,0.63,1.0,1
0.0,0.03,0.0,1
1.0,0.22,0.0,1
0.0,0.6,1.0,1
1.0,0.8308333333333334,1.0,1
0.0,0.11,0.0,1
0.0,0.19,0.0,1
1.0,0.3765,0.0,1
1.0,0.6,1.0,1
0.0,0.53,1.0,1
0.0,0.43,0.0,1
0.0,0.29,0.0,1
1.0,0.5067622655122657,1.0,1
1.0,0.54,1.0,1
1.0,0.12,0.0,1
0.0,0.23,0.0,1
1.0,0.53,1.0,1
0.0,0.53,1.0,1
1.0,0.9583333333333335,1.0,1
0.0,0.56,1.0,1
0.0,0.81,1.0,1
0.0,0.9,1.0,1
1.0,0.33,0.0,1
1.0,0.49,0.0,1
0.0,0.2,0.0,1
0.0,0.33383544233544227,0.0,1
1.0,0.13,0.0,1
0.0,0.687904761904762,1.0,1
0.0,0.19,0.0,1
0.0,0.19,0.0,1
0.0,0.18,0.0,1
0.0,0.2093849206349206,0.0,1
0.0,0.51,1.0,1
0.0,0.06,0.0,1
0.0,0.43,0.0,1
0.0,0.57,1.0,1
0.0,0.33,0.0,1
1.0,0.36,0.0,1
0.0,0.67,1.0,1
1.0,0.54,1.0,1
1.0,0.61,1.0,1
0.0,0.27,0.0,1
0.0,0.32283113804010277,0.0,1
0.0,0.1,0.0,1
0.0,0.06,0.0,1
0.0,0.54,1.0,1
0.0,0.31,0.0,1
0.0,0.3499999999999999,0.0,1
0.0,0.7756031746031745,1.0,1
0.0,0.31,0.0,1
1.0,0.44,0.0,1
0.0,0.19,0.0,1
1.0,0.94,1.0,1
1.0,0.46,0.0,1
0.0,0.41,0.0,1
1.0,0.49,0.0,1
1.0,0.25,0.0,1
0.0,0.44,0.0,1
0.0,0.8,1.0,1
1.0,0.38,0.0,1
1.0,0.49597435897435893,0.0,1
1.0,0.23,0.0,1
1.0,0.51,1.0,1
1.0,0.57,1.0,1
0.0,0.008,0.0,1
0.0,0.24,0.0,1
0.0,0.45,0.0,1
0.0,0.28,0.0,1
0.0,0.34,0.0,1
1.0,0.9,1.0,1
0.0,0.57,1.0,1
1.0,0.21,0.0,1
0.0,0.3944962210991621,0.0,1
0.0,0.43,0.0,1
1.0,0.44,0.0,1
0.0,0.36,0.0,1
0.0,0.66,1.0,1
0.0,0.47,0.0,1
0.0,0.06,0.0,1
1.0,0.75,1.0,1
1.0,0.3,0.0,1
1.0,0.95,1.0,1
0.0,0.08,0.0,1
0.0,0.81,1.0,1
0.0,0.43,0.0,1
0.0,0.3,0.0,1
1.0,0.39,0.0,1
1.0,0.84,1.0,1
0.0,0.63,1.0,1
0.0,0.7133333333333334,1.0,1
0.0,0.65,1.0,1
0.0,0.14,0.0,1
0.0,0.21,0.0,1
1.0,0.33,0.0,1
0.0,0.48,0.0,1
0.0,0.03083333333333333,0.0,1
0.0,0.35,0.0,1
0.0,0.5,0.0,1
1.0,0.39,0.0,1
0.0,0.27,0.0,1
0.0,0.38,0.0,1
0.0,0.84,1.0,1
0.0,0.51,1.0,1
0.0,0.026166666666666668,0.0,1
1.0,0.56,1.0,1
0.0,0.38,0.0,1
1.0,0.3,0.0,1
0.0,0.49,0.0,1
0.0,0.4,0.0,1
1.0,0.5633333333333334,1.0,1
1.0,0.7917632645132645,1.0,1
1.0,0.8,1.0,1
0.0,0.2,0.0,1
0.0,0.71,1.0,1
1.0,0.65,1.0,1
1.0,0.16,0.0,1
0.0,0.53,1.0,1
1.0,0.76,1.0,1
0.0,0.47,0.0,1
0.0,0.22,0.0,1
0.0,0.275,0.0,1
0.0,0.15,0.0,1
0.0,0.07,0.0,1
0.0,0.57,1.0,1
1.0,0.81,1.0,1
1.0,0.29,0.0,1
1.0,0.36,0.0,1
0.0,0.2,0.0,1
0.0,0.31,0.0,1
0.0,0.36,0.0,1
0.0,0.2,0.0,1
1.0,0.96,1.0,1
1.0,0.8760634920634921,1.0,1
1.0,0.38,0.0,1
0.0,0.7,1.0,1
0.0,0.15,0.0,1
0.0,0.27,0.0,1
1.0,0.14,0.0,1
0.0,0.38,0.0,1
0.0,0.4078333333333334,0.0,1
1.0,0.3,0.0,1
0.0,0.2873373015873015,0.0,1
0.0,0.29,0.0,1
0.0,0.35,0.0,1
1.0,0.53,1.0,1
0.0,0.41,0.0,1
0.0,0.6,1.0,1
0.0,0.08,0.0,1
0.0,0.22366666666666668,0.0,1
0.0,0.7756031746031745,1.0,1
1.0,0.65,1.0,1
0.0,0.55,1.0,1
1.0,0.34,0.0,1
0.0,0.30604761904761896,0.0,1
0.0,0.27,0.0,1
1.0,0.5366666666666666,1.0,1
0.0,0.58,1.0,1
0.0,0.44,0.0,1
1.0,0.27,0.0,1
0.0,0.35,0.0,1
1.0,0.74,1.0,1
0.0,0.49,0.0,1
1.0,0.17,0.0,1
0.0,0.3881666666666666,0.0,1
0.0,0.46,0.0,1
0.0,0.52,1.0,1
1.0,0.63,1.0,1
0.0,0.82,1.0,1
1.0,0.69,1.0,1
1.0,0.76,1.0,1
0.0,0.17,0.0,1
0.0,0.37209523809523815,0.0,1
0.0,0.18,0.0,1
0.0,0.4,0.0,1
1.0,0.3157142857142857,0.0,1
1.0,0.29,0.0,1
1.0,0.1,0.0,1
1.0,0.36,0.0,1
1.0,0.78,1.0,1
0.0,0.27,0.0,1
1.0,0.3,0.0,1
0.0,0.67,1.0,1
1.0,0.42,0.0,1
1.0,0.39,0.0,1
1.0,0.47,0.0,1
0.0,0.2231666666666667,0.0,1
1.0,0.51,1.0,1
0.0,0.53,1.0,1
1.0,0.41,0.0,1
0.0,0.37,0.0,1
0.0,0.38,0.0,1
0.0,0.13,0.0,1
0.0,0.62,1.0,1
0.0,0.54,1.0,1
0.0,0.4147222222222222,0.0,1
1.0,0.35,0.0,1
0.0,0.45,0.0,1
0.0,0.47,0.0,1
0.0,0.22166666666666665,0.0,1
0.0,0.4961150793650794,0.0,1
1.0,0.53,1.0,1
0.0,0.72,1.0,1
1.0,0.84,1.0,1
0.0,0.27,0.0,1
0.0,0.39,0.0,1
1.0,0.26,0.0,1
0.0,0.3,0.0,1
1.0,0.45,0.0,1
0.0,0.09,0.0,1
1.0,0.24,0.0,1
0.0,0.28,0.0,1
0.0,0.09,0.0,1
0.0,0.59,1.0,1
0.0,0.146,0.0,1
1.0,1.0,1.0,1
1.0,0.21,0.0,1
1.0,0.85,1.0,1
1.0,0.57,1.0,1
0.0,0.5125,1.0,1
1.0,0.41,0.0,1
1.0,0.52,1.0,1
0.0,0.36,0.0,1
0.0,0.54,1.0,1
0.0,0.63,1.0,1
0.0,0.5309999999999999,1.0,1
0.0,0.31,0.0,1
0.0,0.02,0.0,1
0.0,0.52,1.0,1
0.0,0.025,0.0,1
0.0,0.4,0.0,1
1.0,0.81,1.0,1
0.0,0.17,0.0,1
0.0,0.15,0.0,1
0.0,0.54,1.0,1
1.0,0.9,1.0,1
0.0,0.575,1.0,1
1.0,0.35,0.0,1
0.0,0.06,0.0,1
0.0,0.11,0.0,1
0.0,0.71,1.0,1
0.0,0.28,0.0,1
0.0,0.5919444444444444,1.0,1
0.0,0.14833333333333334,0.0,1
1.0,0.48,0.0,1
1.0,0.27,0.0,1
0.0,0.23,0.0,1
1.0,0.37,0.0,1
1.0,0.0,0.0,1
1.0,0.6754365079365079,1.0,1
1.0,0.02,0.0,1
0.0,0.2,0.0,1
0.0,0.56,1.0,1
1.0,0.55,1.0,1
1.0,0.42,0.0,1
0.0,0.26,0.0,1
0.0,0.24,0.0,1
1.0,0.69,1.0,1
1.0,0.62,1.0,1
0.0,0.55,1.0,1
0.0,0.42,0.0,1
1.0,0.56,1.0,1
0.0,0.21,0.0,1
1.0,0.78,1.0,1
1.0,0.2966666666666667,0.0,1
0.0,0.46,0.0,1
0.0,0.4,0.0,1
0.0,0.48,0.0,1
0.0,0.6601666666666668,1.0,1
0.0,0.62,1.0,1
1.0,0.32592063492063494,0.0,1
0.0,0.52,1.0,1
1.0,0.79,1.0,1
1.0,0.25,0.0,1
0.0,0.48,0.0,1
1.0,0.81,1.0,1
1.0,0.7983333333333335,1.0,1
0.0,0.65,1.0,1
0.0,0.3944962210991621,0.0,1
0.0,0.39,0.0,1
1.0,0.92,1.0,1
1.0,0.16,0.0,1
0.0,0.11,0.0,1
1.0,0.49,0.0,1
0.0,0.51,1.0,1
0.0,0.22166666666666665,0.0,1
0.0,0.42,0.0,1
0.0,0.44,0.0,1
0.0,0.51,1.0,1
0.0,0.45,0.0,1
1.0,0.41,0.0,1
0.0,0.16699999999999998,0.0,1
0.0,0.3,0.0,1
0.0,0.45216666666666666,0.0,1
1.0,0.78,1.0,1
0.0,0.3508452380952381,0.0,1
1.0,0.36,0.0,1
1.0,0.48,0.0,1
0.0,0.14,0.0,1
0.0,0.55,1.0,1
0.0,0.21,0.0,1
0.0,0.27976190476190477,0.0,1
1.0,0.32,0.0,1
0.0,0.4,0.0,1
1.0,0.69,1.0,1
1.0,0.11,0.0,1
1.0,0.8,1.0,1
0.0,0.41,0.0,1
1.0,0.8319166666666666,1.0,1
0.0,0.32,0.0,1
0.0,0.19,0.0,1
0.0,0.05,0.0,1
0.0,0.4,0.0,1
0.0,0.27,0.0,1
0.0,0.38,0.0,1
0.0,0.34,0.0,1
0.0,0.2520454545454546,0.0,1
0.0,0.003333333333333333,0.0,1
1.0,0.42,0.0,1
0.0,0.3295238095238095,0.0,1
1.0,0.97,1.0,1
0.0,0.19,0.0,1
0.0,0.32,0.0,1
0.0,0.49,0.0,1
0.0,0.35,0.0,1
0.0,0.07,0.0,1
0.0,0.28,0.0,1
1.0,0.36,0.0,1
1.0,0.1,0.0,1
1.0,0.15,0.0,1
0.0,0.05,0.0,1
1.0,0.36,0.0,1
1.0,0.6940714285714285,1.0,1
1.0,0.7,1.0,1
0.0,0.52645892995893,1.0,1
1.0,0.56,1.0,1
0.0,0.5,0.0,1
0.0,0.54,1.0,1
0.0,0.14,0.0,1
1.0,0.51,1.0,1
0.0,0.9354761904761905,1.0,1
0.0,0.26333333333333336,0.0,1
0.0,0.46,0.0,1
1.0,0.41,0.0,1
1.0,0.61,1.0,1
0.0,0.305,0.0,1
1.0,0.46,0.0,1
1.0,0.35,0.0,1
1.0,0.66,1.0,1
1.0,0.77,1.0,1
1.0,0.29,0.0,1
0.0,0.57,1.0,1
1.0,0.6578210678210678,1.0,1
1.0,0.85,1.0,1
1.0,0.35,0.0,1
1.0,0.68,1.0,1
0.0,0.23,0.0,1
1.0,0.33,0.0,1
1.0,0.08,0.0,1
1.0,0.5,0.0,1
0.0,0.41,0.0,1
1.0,0.51,1.0,1
1.0,0.59,1.0,1
0.0,0.44,0.0,1
0.0,0.45,0.0,1
0.0,0.34,0.0,1
0.0,0.46,0.0,1
1.0,0.63,1.0,1
1.0,0.25,0.0,1
1.0,0.5224004329004327,1.0,1
0.0,0.35,0.0,1
0.0,0.18,0.0,1
1.0,1.0,1.0,1
0.0,0.5005714285714287,1.0,1
1.0,0.13,0.0,1
1.0,0.4,0.0,1
0.0,0.71,1.0,1
0.0,0.2978333333333334,0.0,1
1.0,0.13,0.0,1
1.0,0.3,0.0,1
1.0,0.3041666666666667,0.0,1
0.0,0.39,0.0,1
1.0,0.24,0.0,1
1.0,0.85,1.0,1
0.0,0.24,0.0,1
0.0,0.32,0.0,1
0.0,0.67,1.0,1
1.0,0.5,0.0,1
0.0,0.37,0.0,1
1.0,0.98,1.0,1
1.0,0.48,0.0,1
1.0,0.59,1.0,1
0.0,0.32,0.0,1
1.0,0.4,0.0,1
1.0,0.43,0.0,1
0.0,0.23,0.0,1
0.0,0.24,0.0,1
0.0,0.75,1.0,1
0.0,0.43,0.0,1
0.0,0.16,0.0,1
0.0,0.4,0.0,1
1.0,0.41666666666666663,0.0,1
0.0,0.63,1.0,1
1.0,0.78,1.0,1
0.0,0.65,1.0,1
1.0,0.87,1.0,1
0.0,0.17,0.0,1
0.0,0.54,1.0,1
0.0,0.78,1.0,1
1.0,0.61,1.0,1
1.0,0.43666666666666665,0.0,1
0.0,0.45,0.0,1
0.0,0.33,0.0,1
1.0,0.83,1.0,1
1.0,0.21,0.0,1
0.0,0.3,0.0,1
0.0,0.34,0.0,1
1.0,0.07666666666666666,0.0,1
0.0,0.51375,1.0,1
0.0,0.07,0.0,1
0.0,0.14,0.0,1
0.0,0.4,0.0,1
1.0,0.45,0.0,1
1.0,0.32,0.0,1
1.0,0.72,1.0,1
0.0,0.44,0.0,1
1.0,0.09,0.0,1
0.0,0.72,1.0,1
0.0,0.16,0.0,1
0.0,0.53,1.0,1
0.0,0.15,0.0,1
0.0,0.2,0.0,1
1.0,0.71,1.0,1
0.0,0.35560438254555893,0.0,1
0.0,0.53,1.0,1
0.0,0.6273506493506494,1.0,1
1.0,0.31,0.0,1
0.0,0.41,0.0,1
1.0,0.66,1.0,1
1.0,0.51,1.0,1
1.0,0.28,0.0,1
0.0,0.57,1.0,1
1.0,0.67,1.0,1
0.0,0.63,1.0,1
0.0,0.49,0.0,1
0.0,0.14,0.0,1
1.0,0.28,0.0,1
1.0,0.11,0.0,1
0.0,0.17,0.0,1
1.0,0.49,0.0,1
0.0,0.58,1.0,1
1.0,0.37,0.0,1
1.0,0.23,0.0,1
1.0,0.43,0.0,1
0.0,0.15,0.0,1
0.0,0.79,1.0,1
1.0,0.45,0.0,1
1.0,0.1,0.0,1
0.0,0.11133333333333334,0.0,1
0.0,0.18,0.0,1
0.0,0.31,0.0,1
0.0,0.36,0.0,1
1.0,0.3,0.0,1
0.0,0.43,0.0,1
1.0,0.98,1.0,1
0.0,0.03,0.0,1
1.0,0.29,0.0,1
1.0,0.89,1.0,1
0.0,0.38,0.0,1
0.0,0.12,0.0,1
0.0,0.43,0.0,1
0.0,0.46,0.0,1
1.0,0.16926190476190472,0.0,1
0.0,0.33,0.0,1
0.0,0.19,0.0,1
0.0,0.21796825396825395,0.0,1
0.0,0.28,0.0,1
1.0,0.16,0.0,1
1.0,0.23,0.0,1
0.0,0.64,1.0,1
0.0,0.05,0.0,1
0.0,0.25,0.0,1
0.0,0.26,0.0,1
1.0,0.13,0.0,1
1.0,0.74,1.0,1
0.0,0.16897435897435897,0.0,1
1.0,0.53,1.0,1
0.0,0.04,0.0,1
1.0,0.71,1.0,1
1.0,0.63,1.0,1
0.0,0.12,0.0,1
0.0,0.69,1.0,1
0.0,0.63,1.0,1
0.0,0.56,1.0,1
0.0,0.08,0.0,1
0.0,0.25,0.0,1
0.0,0.3881666666666666,0.0,1
0.0,0.22,0.0,1
0.0,0.19,0.0,1
0.0,0.24,0.0,1
0.0,0.55,1.0,1
0.0,0.16,0.0,1
0.0,0.52,1.0,1
1.0,0.46,0.0,1
0.0,0.47,0.0,1
0.0,0.3,0.0,1
1.0,0.22285714285714284,0.0,1
0.0,0.585,1.0,1
0.0,0.21,0.0,1
1.0,0.48,0.0,1
0.0,0.79,1.0,1
1.0,0.15,0.0,1
0.0,0.23,0.0,1
0.0,0.7570238095238097,1.0,1
0.0,0.7824700577200577,1.0,1
1.0,0.99,1.0,1
1.0,0.27,0.0,1
0.0,0.27,0.0,1
0.0,0.76,1.0,1
1.0,0.3,0.0,1
0.0,0.56,1.0,1
1.0,0.84,1.0,1
0.0,0.18222222222222226,0.0,1
1.0,0.25,0.0,1
1.0,0.66,1.0,1
0.0,0.34,0.0,1
0.0,0.45,0.0,1
1.0,0.524047619047619,1.0,1
1.0,0.3,0.0,1
1.0,0.66,1.0,1
1.0,0.72,1.0,1
1.0,0.55,1.0,1
0.0,0.04633333333333333,0.0,1
1.0,0.35169444444444437,0.0,1
1.0,0.16,0.0,1
0.0,0.23,0.0,1
1.0,0.4,0.0,1
1.0,0.48,0.0,1
1.0,0.74,1.0,1
0.0,0.36,0.0,1
1.0,0.27,0.0,1
1.0,0.71,1.0,1
0.0,0.49,0.0,1
1.0,0.69,1.0,1
1.0,0.7,1.0,1
0.0,0.53,1.0,1
0.0,0.0975,0.0,1
1.0,0.42,0.0,1
1.0,0.21,0.0,1
0.0,0.46,0.0,1
1.0,0.64,1.0,1
0.0,0.36,0.0,1
1.0,0.14,0.0,1
1.0,0.16,0.0,1
1.0,0.5,0.0,1
0.0,0.14,0.0,1
0.0,0.40144624819624836,0.0,1
1.0,0.57,1.0,1
0.0,0.49,0.0,1
0.0,0.61,1.0,1
1.0,0.74,1.0,1
0.0,0.13,0.0,1
0.0,0.28085772560772554,0.0,1
0.0,0.14,0.0,1
1.0,0.5191666666666667,1.0,1
1.0,0.42,0.0,1
0.0,0.21,0.0,1
0.0,0.57,1.0,1
0.0,0.47,0.0,1
1.0,0.23861940836940831,0.0,1
0.0,0.6661904761904762,1.0,1
1.0,0.24,0.0,1
1.0,0.51,1.0,1
0.0,0.4,0.0,1
0.0,0.07,0.0,1
0.0,0.3115476190476191,0.0,1
1.0,0.31,0.0,1
1.0,0.41,0.0,1
0.0,0.53,1.0,1
0.0,0.3373333333333333,0.0,1
0.0,0.29,0.0,1
0.0,0.06,0.0,1
0.0,0.41,0.0,1
1.0,0.37,0.0,1
1.0,0.73,1.0,1
0.0,0.44,0.0,1
1.0,0.41,0.0,1
0.0,0.24,0.0,1
0.0,0.33,0.0,1
0.0,0.3,0.0,1
0.0,0.29,0.0,1
0.0,0.5224004329004327,1.0,1
0.0,0.21899999999999997,0.0,1
0.0,0.39,0.0,1
1.0,0.57,1.0,1
0.0,0.27,0.0,1
1.0,0.23,0.0,1
1.0,0.36,0.0,1
0.0,0.5002878787878788,1.0,1
1.0,0.45,0.0,1
0.0,0.43,0.0,1
0.0,0.14222222222222222,0.0,1
0.0,0.51,1.0,1
0.0,0.56,1.0,1
0.0,0.87,1.0,1
0.0,0.12,0.0,1
1.0,0.28,0.0,1
0.0,0.39,0.0,1
1.0,0.21,0.0,1
1.0,0.51,1.0,1
0.0,0.59,1.0,1
1.0,0.82,1.0,1
1.0,0.25,0.0,1
0.0,0.15,0.0,1
1.0,0.3881666666666666,0.0,1
1.0,0.8,1.0,1
0.0,0.10616666666666667,0.0,1
1.0,0.38,0.0,1
1.0,0.46,0.0,1
0.0,0.42,0.0,1
1.0,0.52,1.0,1
1.0,0.9625,1.0,1
0.0,0.474,0.0,1
0.0,0.41,0.0,1
0.0,0.18049999999999997,0.0,1
0.0,0.37,0.0,1
0.0,0.15,0.0,1
1.0,0.38,0.0,1
0.0,0.42,0.0,1
0.0,0.38,0.0,1
0.0,0.47,0.0,1
0.0,0.4,0.0,1
0.0,0.22,0.0,1
1.0,0.45,0.0,1
0.0,0.4290833333333333,0.0,1
1.0,0.12208333333333332,0.0,1
0.0,0.33,0.0,1
0.0,0.31,0.0,1
1.0,0.2,0.0,1
0.0,0.5644213564213564,1.0,1
0.0,0.38,0.0,1
1.0,0.49,0.0,1
0.0,0.59,1.0,1
0.0,0.52,1.0,1
0.0,0.46337695637695636,0.0,1
0.0,0.21,0.0,1
0.0,0.25,0.0,1
1.0,0.26,0.0,1
0.0,0.36,0.0,1
1.0,0.88,1.0,1
0.0,0.35,0.0,1
1.0,0.38,0.0,1
1.0,0.7366666666666667,1.0,1
0.0,0.24,0.0,1
1.0,0.3,0.0,1
0.0,0.7316666666666667,1.0,1
1.0,0.21,0.0,1
0.0,0.62,1.0,1
1.0,0.24,0.0,1
0.0,0.42,0.0,1
1.0,0.6442857142857144,1.0,1
0.0,0.76,1.0,1
0.0,0.46,0.0,1
1.0,0.22,0.0,1
1.0,0.74,1.0,1
0.0,0.63,1.0,1
0.0,0.3,0.0,1
0.0,0.18,0.0,1
0.0,0.16,0.0,1
1.0,0.63,1.0,1
1.0,0.67,1.0,1
1.0,0.2,0.0,1
0.0,0.32,0.0,1
0.0,0.23,0.0,1
0.0,0.05,0.0,1
0.0,0.27,0.0,1
0.0,0.14,0.0,1
0.0,0.47,0.0,1
1.0,0.47,0.0,1
0.0,0.56,1.0,1
1.0,0.56,1.0,1
0.0,0.3,0.0,1
0.0,0.24595238095238095,0.0,1
0.0,0.05,0.0,1
1.0,0.3398452380952381,0.0,1
0.0,0.765,1.0,1
0.0,0.45,0.0,1
0.0,0.48,0.0,1
0.0,0.67,1.0,1
1.0,0.23,0.0,1
0.0,0.28,0.0,1
1.0,0.5,0.0,1
1.0,0.42,0.0,1
0.0,0.39,0.0,1
0.0,0.55,1.0,1
0.0,0.34,0.0,1
0.0,0.28,0.0,1
1.0,0.25,0.0,1
1.0,0.45,0.0,1
0.0,0.9,1.0,1
0.0,0.24,0.0,1
0.0,0.5191666666666668,1.0,1
0.0,0.08,0.0,1
1.0,0.64,1.0,1
1.0,0.77,1.0,1
0.0,0.37,0.0,1
0.0,0.15,0.0,1
0.0,0.02,0.0,1
0.0,0.13,0.0,1
1.0,0.25,0.0,1
0.0,0.16,0.0,1
1.0,0.39,0.0,1
1.0,0.4743333333333334,0.0,1
0.0,0.18,0.0,1
1.0,0.24,0.0,1
0.0,0.59,1.0,1
0.0,0.57,1.0,1
1.0,0.48,0.0,1
1.0,0.37209523809523815,0.0,1
1.0,0.23,0.0,1
0.0,0.06,0.0,1
0.0,0.11,0.0,1
0.0,0.12,0.0,1
0.0,0.25,0.0,1
1.0,0.38,0.0,1
1.0,0.61,1.0,1
1.0,0.14,0.0,1
1.0,0.21,0.0,1
1.0,0.16066666666666665,0.0,1
0.0,0.35,0.0,1
1.0,0.62,1.0,1
0.0,0.6,1.0,1
0.0,0.6,1.0,1
1.0,0.99,1.0,1
1.0,0.18,0.0,1
0.0,0.204,0.0,1
1.0,0.59,1.0,1
0.0,0.5191666666666668,1.0,1
0.0,0.12,0.0,1
0.0,0.106,0.0,1
1.0,0.44,0.0,1
0.0,0.28,0.0,1
1.0,0.69,1.0,1
1.0,0.365,0.0,1
1.0,0.54,1.0,1
1.0,0.3,0.0,1
0.0,0.71,1.0,1
0.0,0.29,0.0,1
1.0,0.77,1.0,1
0.0,0.38,0.0,1
1.0,1.0,1.0,1
1.0,0.2,0.0,1
0.0,0.22,0.0,1
0.0,0.59,1.0,1
1.0,0.55,1.0,1
0.0,0.82,1.0,1
0.0,0.14,0.0,1
0.0,0.6,1.0,1
1.0,0.3,0.0,1
1.0,0.42,0.0,1
0.0,0.32,0.0,1
0.0,0.12,0.0,1
0.0,0.5,0.0,1
0.0,0.56,1.0,1
1.0,0.6,1.0,1
0.0,0.3314047619047619,0.0,1
1.0,0.45,0.0,1
0.0,0.31,0.0,1
0.0,0.41,0.0,1
0.0,0.54,1.0,1
0.0,0.28,0.0,1
0.0,0.38,0.0,1
0.0,0.4,0.0,1
0.0,0.29,0.0,1
0.0,0.49,0.0,1
0.0,0.37,0.0,1
0.0,0.24833333333333332,0.0,1
0.0,0.05,0.0,1
1.0,0.07,0.0,1
1.0,0.2,0.0,1
0.0,0.19,0.0,1
0.0,0.72,1.0,1
1.0,0.49,0.0,1
1.0,0.71,1.0,1
1.0,0.1,0.0,1
1.0,0.17333333333333337,0.0,1
0.0,0.34,0.0,1
0.0,0.55,1.0,1
1.0,0.35,0.0,1
0.0,0.26,0.0,1
1.0,0.16,0.0,1
1.0,0.39,0.0,1
0.0,0.5325,1.0,1
1.0,0.36,0.0,1
0.0,0.74,1.0,1
1.0,0.45,0.0,1
0.0,0.21,0.0,1
1.0,0.66,1.0,1
1.0,0.09,0.0,1
0.0,0.1,0.0,1
1.0,0.43,0.0,1
0.0,0.4,0.0,1
0.0,0.87,1.0,1
0.0,0.12833333333333333,0.0,1
0.0,0.13,0.0,1
0.0,0.2,0.0,1
0.0,0.27,0.0,1
0.0,0.27,0.0,1
0.0,0.5230952380952381,1.0,1
1.0,0.42,0.0,1
0.0,0.2,0.0,1
0.0,0.49240476190476207,0.0,1
0.0,0.14,0.0,1
0.0,0.64,1.0,1
1.0,0.42,0.0,1
0.0,0.13,0.0,1
1.0,0.42,0.0,1
0.0,0.62,1.0,1
1.0,0.41,0.0,1
1.0,0.19,0.0,1
1.0,0.165,0.0,1
1.0,0.86,1.0,1
0.0,0.5,0.0,1
0.0,0.08,0.0,1
0.0,0.5,0.0,1
0.0,0.84,1.0,1
0.0,0.51,1.0,1
1.0,0.935,1.0,1
0.0,0.13898899711399706,0.0,1
0.0,0.35,0.0,1
0.0,0.37,0.0,1
1.0,0.57,1.0,1
0.0,0.35,0.0,1
1.0,0.98,1.0,1
0.0,0.5,0.0,1
0.0,0.76,1.0,1
0.0,0.5002878787878788,1.0,1
0.0,0.29,0.0,1
1.0,0.38,0.0,1
1.0,0.23,0.0,1
0.0,0.04,0.0,1
0.0,0.31,0.0,1
0.0,0.40216269841269847,0.0,1
1.0,0.76,1.0,1
1.0,0.26,0.0,1
0.0,0.17,0.0,1
0.0,0.68,1.0,1
1.0,0.6216666666666667,1.0,1
0.0,0.39,0.0,1
1.0,0.8317384559884556,1.0,1
1.0,0.63,1.0,1
0.0,0.03083333333333333,0.0,1
0.0,0.27,0.0,1
1.0,0.48,0.0,1
1.0,0.08,0.0,1
1.0,0.59,1.0,1
0.0,0.75,1.0,1
0.0,0.29,0.0,1
1.0,0.45,0.0,1
0.0,0.15,0.0,1
0.0,0.24,0.0,1
1.0,0.76,1.0,1
1.0,0.5026666666666667,1.0,1
0.0,0.09,0.0,1
0.0,0.69,1.0,1
0.0,0.26,0.0,1
0.0,0.06,0.0,1
0.0,0.0,0.0,1
0.0,0.39,0.0,1
0.0,0.4,0.0,1
0.0,0.42,0.0,1
1.0,0.1975,0.0,1
0.0,0.12457983193277311,0.0,1
1.0,0.95,1.0,1
1.0,0.26,0.0,1
1.0,0.3505952380952381,0.0,1
0.0,0.5411904761904762,1.0,1
0.0,0.4016666666666667,0.0,1
1.0,0.23,0.0,1
0.0,0.24,0.0,1
0.0,0.2799774041318159,0.0,1
0.0,0.43,0.0,1
0.0,0.33,0.0,1
0.0,0.37,0.0,1
1.0,0.36,0.0,1
1.0,0.33,0.0,1
0.0,0.29,0.0,1
1.0,0.52,1.0,1
1.0,0.45,0.0,1
1.0,0.8,1.0,1
1.0,0.61,1.0,1
0.0,0.11916666666666666,0.0,1
0.0,0.39,0.0,1
0.0,0.28,0.0,1
0.0,0.7,1.0,1
1.0,0.76,1.0,1
1.0,0.21,0.0,1
0.0,0.28,0.0,1
1.0,0.38,0.0,1
1.0,0.78,1.0,1
1.0,0.75,1.0,1
1.0,0.32,0.0,1
0.0,0.15,0.0,1
0.0,0.18,0.0,1
0.0,0.24071428571428574,0.0,1
0.0,0.25,0.0,1
0.0,0.2401088494838493,0.0,1
1.0,0.34,0.0,1
1.0,0.68,1.0,1
1.0,0.24,0.0,1
1.0,0.41,0.0,1
0.0,0.49,0.0,1
0.0,0.08,0.0,1
0.0,0.33383544233544227,0.0,1
1.0,0.2275,0.0,1
1.0,0.18,0.0,1
0.0,0.12,0.0,1
0.0,0.24,0.0,1
0.0,0.16,0.0,1
0.0,0.28,0.0,1
1.0,0.32,0.0,1
0.0,0.28,0.0,1
0.0,0.39,0.0,1
0.0,0.27,0.0,1
0.0,0.07460227272727273,0.0,1
1.0,0.91,1.0,1
0.0,0.5032976190476189,1.0,1
0.0,0.54,1.0,1
1.0,0.33,0.0,1
1.0,0.71,1.0,1
0.0,0.17,0.0,1
1.0,0.39,0.0,1
0.0,0.49,0.0,1
0.0,0.31,0.0,1
0.0,0.04,0.0,1
1.0,0.76,1.0,1
0.0,0.22166666666666668,0.0,1
1.0,0.72,1.0,1
1.0,0.39,0.0,1
0.0,0.62,1.0,1
1.0,0.72,1.0,1
1.0,0.07,0.0,1
1.0,0.31,0.0,1
1.0,0.57,1.0,1
0.0,0.36583333333333334,0.0,1
0.0,0.05,0.0,1
1.0,0.61,1.0,1
0.0,0.39,0.0,1
1.0,0.57,1.0,1
1.0,0.7925,1.0,1
0.0,0.19,0.0,1
0.0,0.57,1.0,1
1.0,0.45,0.0,1
0.0,0.07,0.0,1
0.0,0.54,1.0,1
0.0,0.45216666666666666,0.0,1
1.0,0.25,0.0,1
0.0,0.46,0.0,1
1.0,0.726,1.0,1
1.0,0.88,1.0,1
0.0,0.5162326284826284,1.0,1
1.0,0.935,1.0,1
0.0,0.2,0.0,1
1.0,0.57,1.0,1
0.0,0.5162326284826284,1.0,1
1.0,0.62,1.0,1
0.0,0.21,0.0,1
0.0,0.4101666666666667,0.0,1
1.0,0.32283113804010277,0.0,1
0.0,0.4006666666666666,0.0,1
1.0,0.44,0.0,1
0.0,0.28,0.0,1
1.0,0.4,0.0,1
0.0,0.43,0.0,1
1.0,0.92,1.0,1
0.0,0.87,1.0,1
1.0,0.12,0.0,1
0.0,0.03,0.0,1
1.0,0.03,0.0,1
0.0,0.12,0.0,1
0.0,0.44,0.0,1
1.0,0.02,0.0,1
1.0,0.98,1.0,1
0.0,0.3,0.0,1
1.0,0.44,0.0,1
0.0,0.05,0.0,1
0.0,0.63,1.0,1
0.0,0.23,0.0,1
0.0,0.27,0.0,1
0.0,0.09,0.0,1
1.0,0.18,0.0,1
1.0,0.6058333333333333,1.0,1
1.0,0.48,0.0,1
1.0,0.27,0.0,1
1.0,0.3,0.0,1
1.0,0.11,0.0,1
1.0,0.305,0.0,1
0.0,0.37,0.0,1
1.0,0.47,0.0,1
1.0,0.81,1.0,1
0.0,0.5748333333333333,1.0,1
1.0,0.33,0.0,1
0.0,0.35,0.0,1
0.0,0.38,0.0,1
0.0,0.81,1.0,1
1.0,0.28,0.0,1
1.0,0.58,1.0,1
0.0,0.19828571428571426,0.0,1
0.0,0.66,1.0,1
0.0,0.44,0.0,1
0.0,0.41,0.0,1
1.0,0.64,1.0,1
0.0,0.40216269841269847,0.0,1
1.0,0.2843333333333333,0.0,1
1.0,0.48,0.0,1
1.0,0.91,1.0,1
0.0,0.61,1.0,1
1.0,0.99,1.0,1
0.0,0.61,1.0,1
1.0,0.19,0.0,1
1.0,0.94,1.0,1
0.0,0.11,0.0,1
0.0,0.32,0.0,1
0.0,0.14,0.0,1
1.0,0.34,0.0,1
0.0,0.54,1.0,1
0.0,0.56,1.0,1
0.0,0.6,1.0,1
0.0,0.18,0.0,1
0.0,0.5116666666666667,1.0,1
1.0,0.41,0.0,1
1.0,0.31,0.0,1
1.0,0.9375,1.0,1
0.0,0.06,0.0,1
0.0,0.37,0.0,1
0.0,0.6,1.0,1
0.0,0.3895131257631257,0.0,1
0.0,0.57,1.0,1
0.0,0.4,0.0,1
0.0,0.41,0.0,1
0.0,0.41,0.0,1
0.0,0.34,0.0,1
0.0,0.0,0.0,1
1.0,0.67,1.0,1
1.0,0.51,1.0,1
1.0,0.33,0.0,1
0.0,0.4,0.0,1
1.0,0.5,0.0,1
1.0,0.45,0.0,1
1.0,0.5446666666666666,1.0,1
1.0,0.58,1.0,1
0.0,0.39,0.0,1
0.0,0.17,0.0,1
0.0,0.46337695637695636,0.0,1
0.0,0.18,0.0,1
0.0,0.82,1.0,1
0.0,0.22,0.0,1
1.0,0.45,0.0,1
0.0,0.58,1.0,1
1.0,0.55,1.0,1
1.0,0.43,0.0,1
1.0,0.58,1.0,1
1.0,0.66,1.0,1
0.0,0.77,1.0,1
0.0,0.3,0.0,1
1.0,0.24,0.0,1
0.0,0.77,1.0,1
1.0,0.21,0.0,1
0.0,0.48,0.0,1
0.0,0.44,0.0,1
0.0,0.705,1.0,1
0.0,0.14,0.0,1
0.0,0.63,1.0,1
0.0,0.49,0.0,1
1.0,0.28,0.0,1
1.0,0.22,0.0,1
0.0,0.38,0.0,1
1.0,0.4961150793650794,0.0,1
0.0,0.09,0.0,1
0.0,0.4,0.0,1
0.0,0.47,0.0,1
1.0,0.62,1.0,1
0.0,0.4580691318485436,0.0,1
1.0,0.36209523809523814,0.0,1
0.0,0.08,0.0,1
0.0,0.43200000000000005,0.0,1
0.0,0.25,0.0,1
0.0,0.239,0.0,1
0.0,0.29,0.0,1
0.0,0.15,0.0,1
0.0,0.13898899711399706,0.0,1
0.0,0.39,0.0,1
0.0,0.46,0.0,1
1.0,0.6,1.0,1
0.0,0.75,1.0,1
0.0,0.52,1.0,1
1.0,0.23,0.0,1
1.0,0.45,0.0,1
0.0,0.39,0.0,1
0.0,0.12,0.0,1
0.0,0.51,1.0,1
0.0,0.28,0.0,1
1.0,0.44,0.0,1
0.0,0.78,1.0,1
0.0,0.22,0.0,1
1.0,0.67,1.0,1
1.0,0.43,0.0,1
0.0,0.21,0.0,1
0.0,0.28,0.0,1
0.0,0.5444444444444444,1.0,1
0.0,0.77,1.0,1
0.0,0.16,0.0,1
0.0,0.37,0.0,1
0.0,0.16,0.0,1
0.0,0.73,1.0,1
0.0,0.026166666666666668,0.0,1
0.0,0.25,0.0,1
0.0,0.20666666666666664,0.0,1
1.0,0.27,0.0,1
1.0,0.3,0.0,1
1.0,0.22,0.0,1
1.0,0.45,0.0,1
0.0,0.9483333333333335,1.0,1
1.0,0.48,0.0,1
1.0,0.23,0.0,1
0.0,0.31,0.0,1
1.0,0.21,0.0,1
0.0,0.51,1.0,1
0.0,0.34,0.0,1
1.0,0.4,0.0,1
1.0,0.5018333333333334,1.0,1
1.0,0.53,1.0,1
1.0,0.03,0.0,1
1.0,0.73,1.0,1
0.0,0.14,0.0,1
0.0,0.22,0.0,1
0.0,0.16,0.0,1
1.0,0.38,0.0,1
1.0,0.24350000000000005,0.0,1
1.0,0.49,0.0,1
0.0,0.09,0.0,1
0.0,0.1,0.0,1
0.0,0.47,0.0,1
0.0,0.12,0.0,1
0.0,0.52,1.0,1
1.0,0.08,0.0,1
1.0,0.37,0.0,1
0.0,0.15,0.0,1
1.0,0.19,0.0,1
0.0,0.07,0.0,1
0.0,0.3023333333333333,0.0,1
0.0,0.592547619047619,1.0,1
1.0,0.19,0.0,1
0.0,0.17,0.0,1
0.0,0.25,0.0,1
1.0,0.46,0.0,1
0.0,0.17,0.0,1
1.0,0.41,0.0,1
0.0,0.73,1.0,1
0.0,0.28,0.0,1
0.0,0.3,0.0,1
1.0,0.26,0.0,1
0.0,0.09,0.0,1
1.0,0.54,1.0,1
1.0,0.29,0.0,1
0.0,0.49,0.0,1
1.0,0.39,0.0,1
0.0,0.561,1.0,1
0.0,0.36,0.0,1
1.0,0.15,0.0,1
1.0,0.44,0.0,1
0.0,0.16,0.0,1
1.0,0.27,0.0,1
1.0,0.52,1.0,1
0.0,0.49,0.0,1
1.0,0.34,0.0,1
0.0,0.32,0.0,1
0.0,0.07,0.0,1
1.0,0.7,1.0,1
0.0,0.6,1.0,1
0.0,0.31,0.0,1
0.0,0.34,0.0,1
0.0,0.32,0.0,1
0.0,0.17,0.0,1
1.0,0.71,1.0,1
0.0,0.29,0.0,1
1.0,0.96,1.0,1
1.0,0.26,0.0,1
0.0,0.32,0.0,1
1.0,0.2,0.0,1
0.0,0.4,0.0,1
1.0,0.47,0.0,1
1.0,0.75,1.0,1
0.0,0.43,0.0,1
0.0,0.29,0.0,1
0.0,0.51,1.0,1
0.0,0.38,0.0,1
0.0,0.48,0.0,1
1.0,0.75,1.0,1
1.0,0.25,0.0,1
1.0,0.14,0.0,1
1.0,0.15,0.0,1
0.0,0.25,0.0,1
0.0,0.5,0.0,1
1.0,0.97,1.0,1
0.0,0.28,0.0,1
1.0,0.5,0.0,1
0.0,0.33,0.0,1
1.0,0.24,0.0,1
1.0,0.83,1.0,1
0.0,0.23,0.0,1
0.0,0.4,0.0,1
0.0,0.25,0.0,1
0.0,0.69,1.0,1
1.0,0.63,1.0,1
1.0,0.49,0.0,1
0.0,0.55,1.0,1
0.0,0.37,0.0,1
1.0,0.6,1.0,1
0.0,0.44,0.0,1
0.0,0.38,0.0,1
0.0,0.21,0.0,1
1.0,0.48,0.0,1
0.0,0.37,0.0,1
0.0,0.32,0.0,1
1.0,0.36,0.0,1
1.0,0.39,0.0,1
0.0,0.16,0.0,1
0.0,0.48,0.0,1
0.0,0.37,0.0,1
1.0,0.54,1.0,1
0.0,0.41,0.0,1
0.0,0.15772727272727274,0.0,1
1.0,0.66,1.0,1
0.0,0.16,0.0,1
0.0,0.31,0.0,1
0.0,0.28,0.0,1
0.0,0.27,0.0,1
0.0,0.28,0.0,1
1.0,0.3543452380952381,0.0,1
0.0,0.12,0.0,1
0.0,0.1,0.0,1
1.0,0.22,0.0,1
0.0,0.38,0.0,1
0.0,0.17,0.0,1
1.0,0.53,1.0,1
1.0,0.44,0.0,1
0.0,0.2,0.0,1
0.0,0.23861940836940831,0.0,1
0.0,0.15,0.0,1
0.0,0.47,0.0,1
0.0,0.7,1.0,1
0.0,0.6518333333333334,1.0,1
0.0,0.7,1.0,1
0.0,0.17,0.0,1
1.0,0.17285714285714285,0.0,1
0.0,0.18,0.0,1
0.0,0.52,1.0,1
1.0,0.39,0.0,1
1.0,0.32,0.0,1
0.0,0.40850000000000003,0.0,1
0.0,0.5516666666666666,1.0,1
1.0,0.99,1.0,1
0.0,0.52,1.0,1
0.0,0.37,0.0,1
1.0,0.24,0.0,1
1.0,0.45,0.0,1
1.0,0.57,1.0,1
1.0,0.16,0.0,1
1.0,0.08,0.0,1
0.0,0.32,0.0,1
0.0,0.54,1.0,1
0.0,0.55,1.0,1
0.0,0.3,0.0,1
1.0,0.9,1.0,1
0.0,0.26,0.0,1
0.0,0.54,1.0,1
1.0,0.39,0.0,1
1.0,0.38,0.0,1
0.0,0.43,0.0,1
0.0,0.15,0.0,1
0.0,0.26,0.0,1
0.0,0.7,1.0,1
1.0,0.44,0.0,1
1.0,0.56,1.0,1
1.0,0.94,1.0,1
0.0,0.75,1.0,1
0.0,0.12,0.0,1
0.0,0.25,0.0,1
0.0,0.47,0.0,1
0.0,0.41,0.0,1
0.0,0.7,1.0,1
0.0,0.22,0.0,1
0.0,0.33,0.0,1
1.0,0.3446666666666667,0.0,1
0.0,0.32,0.0,1
1.0,0.32,0.0,1
1.0,0.65,1.0,1
1.0,0.37799999999999995,0.0,1
1.0,0.57,1.0,1
0.0,0.46,0.0,1
1.0,0.39299999999999996,0.0,1
1.0,0.6,1.0,1
0.0,0.19,0.0,1
0.0,0.5224004329004327,1.0,1
1.0,0.52,1.0,1
1.0,0.5,0.0,1
1.0,0.22,0.0,1
0.0,0.15,0.0,1
1.0,0.57,1.0,1
0.0,0.39,0.0,1
0.0,0.21,0.0,1
1.0,0.29,0.0,1
0.0,0.27,0.0,1
1.0,0.006666666666666666,0.0,1
1.0,0.07,0.0,1
1.0,0.49,0.0,1
1.0,0.33,0.0,1
1.0,0.71,1.0,1
1.0,0.96,1.0,1
1.0,0.22,0.0,1
0.0,0.34,0.0,1
0.0,0.18,0.0,1
0.0,0.64,1.0,1
